-- phpMyAdmin SQL Dump
-- version 4.9.5
-- https://www.phpmyadmin.net/
--
-- Host: localhost
-- Generation Time: May 23, 2022 at 11:30 AM
-- Server version: 10.4.12-MariaDB-log
-- PHP Version: 7.4.24

SET SQL_MODE = "NO_AUTO_VALUE_ON_ZERO";
SET AUTOCOMMIT = 0;
START TRANSACTION;
SET time_zone = "+00:00";


/*!40101 SET @OLD_CHARACTER_SET_CLIENT=@@CHARACTER_SET_CLIENT */;
/*!40101 SET @OLD_CHARACTER_SET_RESULTS=@@CHARACTER_SET_RESULTS */;
/*!40101 SET @OLD_COLLATION_CONNECTION=@@COLLATION_CONNECTION */;
/*!40101 SET NAMES utf8mb4 */;

--
-- Database: `sql_ppdb_man1nga`
--

-- --------------------------------------------------------

--
-- Table structure for table `bayar`
--

CREATE TABLE `bayar` (
  `id_bayar` varchar(20) NOT NULL,
  `id_user` int(10) NOT NULL,
  `id_daftar` int(10) NOT NULL,
  `jumlah` int(10) NOT NULL,
  `tgl_bayar` date NOT NULL,
  `keterangan` int(10) DEFAULT NULL,
  `bukti` varchar(50) DEFAULT NULL,
  `verifikasi` int(1) NOT NULL DEFAULT 0,
  `hapus` int(1) DEFAULT NULL
) ENGINE=InnoDB DEFAULT CHARSET=latin1;

-- --------------------------------------------------------

--
-- Table structure for table `berkas_formulir`
--

CREATE TABLE `berkas_formulir` (
  `id_berkas` int(11) NOT NULL,
  `link_berkas` varchar(255) NOT NULL
) ENGINE=InnoDB DEFAULT CHARSET=utf8mb4;

--
-- Dumping data for table `berkas_formulir`
--

INSERT INTO `berkas_formulir` (`id_berkas`, `link_berkas`) VALUES
(0, ''),
(1, 'jadwal_1652849873.pdf'),
(2, 'daful_1653273188.pdf');

-- --------------------------------------------------------

--
-- Table structure for table `biaya`
--

CREATE TABLE `biaya` (
  `id_biaya` varchar(50) NOT NULL,
  `jenkel` varchar(2) NOT NULL,
  `nama_biaya` varchar(200) NOT NULL,
  `jumlah` int(10) NOT NULL,
  `status` varchar(200) NOT NULL
) ENGINE=InnoDB DEFAULT CHARSET=latin1;

--
-- Dumping data for table `biaya`
--

INSERT INTO `biaya` (`id_biaya`, `jenkel`, `nama_biaya`, `jumlah`, `status`) VALUES
('ADW', 'S', 'Adiwiyata', 100000, '1'),
('Baju', 'L', 'Kain Seragam 3 Setel', 670000, '1'),
('Baju Pr', 'P', 'Kain Seragam 3 Setel', 690000, '1'),
('BATIK', 'S', 'Kain Batik Yayasan', 85000, '1'),
('BEDGE', 'S', '4 buah Bedge Seragam', 45000, '1'),
('DASI', 'L', '2 buah Dasi (abu-abu dan benhur)', 45000, '1'),
('FOTO', 'S', 'Biaya Foto dan Pembuatan Kartu Pelajar', 80000, '1'),
('IQ', 'S', 'Tes IQ ', 90000, '1'),
('JILBAB', 'P', '3 Buah Jilbab (putih, Benhur dan Pramuka)', 145000, '1'),
('KAOS', 'S', '1 Setel Seragam Olahraga', 110000, '1'),
('SPP', 'S', 'Biaya SPP bulan Juli 2022 + Ketrampilan*', 135000, '1');

-- --------------------------------------------------------

--
-- Table structure for table `daftar`
--

CREATE TABLE `daftar` (
  `id_daftar` int(11) NOT NULL,
  `no_daftar` varchar(30) DEFAULT NULL,
  `email` varchar(128) DEFAULT NULL,
  `jenis` varchar(30) DEFAULT NULL,
  `nis` varchar(30) DEFAULT NULL,
  `nik` varchar(30) DEFAULT NULL,
  `no_kk` varchar(30) DEFAULT NULL,
  `nisn` varchar(30) NOT NULL,
  `nama` varchar(128) NOT NULL,
  `foto` varchar(128) NOT NULL,
  `jenkel` varchar(1) DEFAULT NULL,
  `tempat_lahir` varchar(128) DEFAULT NULL,
  `tgl_lahir` date DEFAULT NULL,
  `asal_sekolah` varchar(128) DEFAULT NULL,
  `npsn_sekolah` varchar(20) DEFAULT NULL,
  `kab_sekolah` varchar(30) DEFAULT NULL,
  `status_sekolah` varchar(15) DEFAULT NULL,
  `kelas` varchar(11) DEFAULT NULL,
  `jurusan1` varchar(15) DEFAULT NULL,
  `jurusan2` varchar(15) DEFAULT NULL,
  `jenjang_sekolah` varchar(11) DEFAULT NULL,
  `agama` varchar(50) DEFAULT NULL,
  `alamat` text DEFAULT NULL,
  `rt` varchar(5) DEFAULT NULL,
  `rw` varchar(5) DEFAULT NULL,
  `desa` varchar(128) DEFAULT NULL,
  `kecamatan` varchar(128) DEFAULT NULL,
  `kota` varchar(128) DEFAULT NULL,
  `provinsi` varchar(128) DEFAULT NULL,
  `kode_pos` varchar(6) DEFAULT NULL,
  `transportasi` varchar(128) DEFAULT NULL,
  `no_hp` varchar(16) DEFAULT NULL,
  `anak_ke` int(2) DEFAULT NULL,
  `saudara` int(11) DEFAULT NULL,
  `tinggi` int(3) DEFAULT NULL,
  `berat` int(3) DEFAULT NULL,
  `status_keluarga` varchar(50) DEFAULT NULL,
  `tinggal` varchar(128) DEFAULT NULL,
  `jarak` varchar(128) DEFAULT NULL,
  `waktu` varchar(128) DEFAULT NULL,
  `nik_ayah` varchar(16) DEFAULT NULL,
  `nama_ayah` varchar(128) DEFAULT NULL,
  `tempat_ayah` varchar(128) DEFAULT NULL,
  `tgl_lahir_ayah` date DEFAULT NULL,
  `status_ayah` varchar(128) DEFAULT NULL,
  `pendidikan_ayah` varchar(128) DEFAULT NULL,
  `pekerjaan_ayah` varchar(128) DEFAULT NULL,
  `penghasilan_ayah` varchar(128) DEFAULT NULL,
  `no_hp_ayah` varchar(16) DEFAULT NULL,
  `nik_ibu` varchar(16) DEFAULT NULL,
  `nama_ibu` varchar(128) DEFAULT NULL,
  `tempat_ibu` varchar(128) DEFAULT NULL,
  `tgl_lahir_ibu` date DEFAULT NULL,
  `status_ibu` varchar(128) DEFAULT NULL,
  `pendidikan_ibu` varchar(128) DEFAULT NULL,
  `pekerjaan_ibu` varchar(128) DEFAULT NULL,
  `penghasilan_ibu` varchar(128) DEFAULT NULL,
  `no_hp_ibu` varchar(16) DEFAULT NULL,
  `nik_wali` varchar(16) DEFAULT NULL,
  `nama_wali` varchar(128) DEFAULT NULL,
  `tempat_wali` varchar(128) DEFAULT NULL,
  `tahun_lahir_wali` int(11) DEFAULT NULL,
  `pendidikan_wali` varchar(50) DEFAULT NULL,
  `pekerjaan_wali` varchar(50) DEFAULT NULL,
  `penghasilan_wali` varchar(50) DEFAULT NULL,
  `no_hp_wali` varchar(16) DEFAULT NULL,
  `no_ijazah` varchar(128) DEFAULT NULL,
  `no_shun` varchar(128) DEFAULT NULL,
  `no_ujian` varchar(128) DEFAULT NULL,
  `no_kip` varchar(30) DEFAULT NULL,
  `file_kip` varchar(256) DEFAULT NULL,
  `file_kk` varchar(256) DEFAULT NULL,
  `file_ijazah` varchar(256) DEFAULT NULL,
  `file_akte` varchar(256) DEFAULT NULL,
  `file_shun` varchar(256) DEFAULT NULL,
  `tgl_keluar` date DEFAULT NULL,
  `alasan_keluar` varchar(100) DEFAULT NULL,
  `surat_keluar` varchar(255) DEFAULT NULL,
  `level` varchar(10) DEFAULT NULL,
  `aktif` int(1) DEFAULT 0,
  `status` int(1) DEFAULT 0,
  `petugas_daftar` varchar(10) DEFAULT NULL,
  `petugas_konfirmasi` varchar(10) DEFAULT NULL,
  `tgl_daftar` date DEFAULT NULL,
  `tgl_konfirmasi` date DEFAULT NULL,
  `baju` varchar(10) DEFAULT NULL,
  `bayar` varchar(100) DEFAULT NULL,
  `online` int(1) DEFAULT 0,
  `password` text DEFAULT NULL,
  `status_kartu` varchar(30) DEFAULT NULL,
  `jenis_kartu` varchar(15) DEFAULT NULL,
  `no_kartu` varchar(50) DEFAULT NULL,
  `file_kartu` varchar(50) DEFAULT NULL,
  `tingkat_prestasi` varchar(30) DEFAULT NULL,
  `peringkat_kelas` varchar(30) DEFAULT NULL,
  `file_prestasi` varchar(75) DEFAULT NULL,
  `keterampilan` varchar(10) DEFAULT NULL
) ENGINE=InnoDB DEFAULT CHARSET=latin1;

--
-- Dumping data for table `daftar`
--

INSERT INTO `daftar` (`id_daftar`, `no_daftar`, `email`, `jenis`, `nis`, `nik`, `no_kk`, `nisn`, `nama`, `foto`, `jenkel`, `tempat_lahir`, `tgl_lahir`, `asal_sekolah`, `npsn_sekolah`, `kab_sekolah`, `status_sekolah`, `kelas`, `jurusan1`, `jurusan2`, `jenjang_sekolah`, `agama`, `alamat`, `rt`, `rw`, `desa`, `kecamatan`, `kota`, `provinsi`, `kode_pos`, `transportasi`, `no_hp`, `anak_ke`, `saudara`, `tinggi`, `berat`, `status_keluarga`, `tinggal`, `jarak`, `waktu`, `nik_ayah`, `nama_ayah`, `tempat_ayah`, `tgl_lahir_ayah`, `status_ayah`, `pendidikan_ayah`, `pekerjaan_ayah`, `penghasilan_ayah`, `no_hp_ayah`, `nik_ibu`, `nama_ibu`, `tempat_ibu`, `tgl_lahir_ibu`, `status_ibu`, `pendidikan_ibu`, `pekerjaan_ibu`, `penghasilan_ibu`, `no_hp_ibu`, `nik_wali`, `nama_wali`, `tempat_wali`, `tahun_lahir_wali`, `pendidikan_wali`, `pekerjaan_wali`, `penghasilan_wali`, `no_hp_wali`, `no_ijazah`, `no_shun`, `no_ujian`, `no_kip`, `file_kip`, `file_kk`, `file_ijazah`, `file_akte`, `file_shun`, `tgl_keluar`, `alasan_keluar`, `surat_keluar`, `level`, `aktif`, `status`, `petugas_daftar`, `petugas_konfirmasi`, `tgl_daftar`, `tgl_konfirmasi`, `baju`, `bayar`, `online`, `password`, `status_kartu`, `jenis_kartu`, `no_kartu`, `file_kartu`, `tingkat_prestasi`, `peringkat_kelas`, `file_prestasi`, `keterampilan`) VALUES
(521, 'PPDBM1NGK2022001', NULL, 'PR', NULL, '3518081311060002', NULL, '0065797585', 'Danu Wijaya Achmad Syarif Hidayatulloh', 'foto_siswa/foto_00657975851652148636.jpg', 'L', 'NGANJUK', '2006-11-13', 'MTS NEGERI 2 NGANJUK', '2058245', 'NGANJUK', 'Negeri', NULL, '1IPA', '3BB', 'MTs', 'Islam', NULL, NULL, NULL, NULL, NULL, NULL, NULL, NULL, NULL, '085338613528', NULL, NULL, NULL, NULL, NULL, NULL, NULL, NULL, NULL, NULL, NULL, NULL, NULL, NULL, NULL, NULL, NULL, NULL, NULL, NULL, NULL, NULL, NULL, NULL, NULL, NULL, NULL, NULL, NULL, NULL, NULL, NULL, NULL, NULL, NULL, NULL, '22-13-13-2-0534-0296', NULL, NULL, NULL, NULL, NULL, NULL, NULL, NULL, NULL, NULL, 0, 1, NULL, NULL, NULL, NULL, NULL, NULL, 1, 'Akunpepedebe', NULL, NULL, NULL, NULL, NULL, NULL, NULL, '4DKV'),
(522, 'PPDBM1NGK2022002', NULL, 'SB', NULL, '3519125405060004', NULL, '0067781233', 'Melani Nidar Aulia', 'foto_siswa/default.png', 'P', 'MADIUN', '2006-05-14', 'MTSN 10 NGANJUK', '20582417', 'NGANJUK', 'Negeri', NULL, '1IPA', '4AGM', 'MTs', 'Islam', NULL, NULL, NULL, NULL, NULL, NULL, NULL, NULL, NULL, '0888235722616', NULL, NULL, NULL, NULL, NULL, NULL, NULL, NULL, NULL, NULL, NULL, NULL, NULL, NULL, NULL, NULL, NULL, NULL, NULL, NULL, NULL, NULL, NULL, NULL, NULL, NULL, NULL, NULL, NULL, NULL, NULL, NULL, NULL, NULL, NULL, NULL, '', NULL, NULL, NULL, NULL, NULL, NULL, NULL, NULL, NULL, NULL, 0, 0, NULL, NULL, NULL, NULL, NULL, NULL, 1, '140506', NULL, NULL, NULL, NULL, NULL, NULL, NULL, '4DKV'),
(523, 'PPDBM1NGK2022003', NULL, 'PR', NULL, '3618064606060003', NULL, '0064335444', 'Yongsa Zafira Nihaya Kamila', 'foto_siswa/foto_00643354441652070032.jpg', 'P', 'NGANJUK', '2006-06-06', 'MTS AL-ISLAM SUKOMORO', '6072751', 'NGANJUK', 'Swasta', NULL, '3BB', '2IPS', 'MTs', 'Islam', NULL, NULL, NULL, NULL, NULL, NULL, NULL, NULL, NULL, '085856316825', NULL, NULL, NULL, NULL, NULL, NULL, NULL, NULL, NULL, NULL, NULL, NULL, NULL, NULL, NULL, NULL, NULL, NULL, NULL, NULL, NULL, NULL, NULL, NULL, NULL, NULL, NULL, NULL, NULL, NULL, NULL, NULL, NULL, NULL, NULL, NULL, '', NULL, NULL, NULL, NULL, NULL, NULL, NULL, NULL, NULL, NULL, 0, 1, NULL, NULL, NULL, NULL, NULL, NULL, 1, 'Kamila12', NULL, NULL, NULL, NULL, NULL, NULL, NULL, '4DKV'),
(525, 'PPDBM1NGK2022005', NULL, 'PR', NULL, '3518091803060001', NULL, '0066589398', 'Hafish Nauval Amirudin', 'foto_siswa/default.png', 'L', 'NGANJUK', '2022-05-09', NULL, NULL, NULL, NULL, NULL, '1IPA', '2IPS', NULL, 'Islam', NULL, NULL, NULL, NULL, NULL, NULL, NULL, NULL, NULL, '085748852199', NULL, NULL, NULL, NULL, NULL, NULL, NULL, NULL, NULL, NULL, NULL, NULL, NULL, NULL, NULL, NULL, NULL, NULL, NULL, NULL, NULL, NULL, NULL, NULL, NULL, NULL, NULL, NULL, NULL, NULL, NULL, NULL, NULL, NULL, NULL, NULL, NULL, NULL, NULL, NULL, NULL, NULL, NULL, NULL, NULL, NULL, NULL, 0, 1, NULL, NULL, NULL, NULL, NULL, NULL, 1, 'wongpn86', NULL, NULL, NULL, NULL, NULL, NULL, NULL, '4DKV'),
(526, 'PPDBM1NGK2022006', NULL, 'PR', NULL, '3518115710060001', NULL, '0066838738', 'Salsabila Putri Rahmadhani', 'foto_siswa/foto_00668387381652187575.jpg', 'P', 'NGANJUK', '2017-10-20', 'MTSN 2 NGANJUK', '2058245', 'NGANJUK', 'Negeri', NULL, '1IPA', '1IPA', 'MTs', 'Islam', NULL, NULL, NULL, NULL, NULL, NULL, NULL, NULL, NULL, '081231838251', NULL, NULL, NULL, NULL, NULL, NULL, NULL, NULL, NULL, NULL, NULL, NULL, NULL, NULL, NULL, NULL, NULL, NULL, NULL, NULL, NULL, NULL, NULL, NULL, NULL, NULL, NULL, NULL, NULL, NULL, NULL, NULL, NULL, NULL, NULL, NULL, '22-13-13-2-0534-0138', NULL, NULL, NULL, NULL, NULL, NULL, NULL, NULL, NULL, NULL, 0, 1, NULL, NULL, NULL, NULL, NULL, NULL, 1, '17102007', NULL, NULL, NULL, NULL, NULL, NULL, NULL, '4DKV'),
(527, 'PPDBM1NGK2022007', NULL, 'PR', NULL, NULL, NULL, '0077345053', 'Nahrin Nayla Salsabila', 'foto_siswa/default.png', NULL, NULL, NULL, NULL, NULL, NULL, NULL, NULL, NULL, NULL, NULL, NULL, NULL, NULL, NULL, NULL, NULL, NULL, NULL, NULL, NULL, '082340604466', NULL, NULL, NULL, NULL, NULL, NULL, NULL, NULL, NULL, NULL, NULL, NULL, NULL, NULL, NULL, NULL, NULL, NULL, NULL, NULL, NULL, NULL, NULL, NULL, NULL, NULL, NULL, NULL, NULL, NULL, NULL, NULL, NULL, NULL, NULL, NULL, NULL, NULL, NULL, NULL, NULL, NULL, NULL, NULL, NULL, NULL, NULL, 0, 1, NULL, NULL, NULL, NULL, NULL, NULL, 1, '625147', NULL, NULL, NULL, NULL, NULL, NULL, NULL, NULL),
(528, 'PPDBM1NGK2022008', NULL, 'PR', NULL, '3518070108060001', NULL, '0064309553', 'Mohammad Rajib Nur Wachid', 'foto_siswa/default.png', 'L', 'NGANJUK', '2006-08-01', 'MTS MODERN DARUSSALAM', '6998326', 'NGANJUK', 'Swasta', NULL, '1IPA', '4AGM', 'MTs', 'Islam', NULL, NULL, NULL, NULL, NULL, NULL, NULL, NULL, NULL, '085791380175', NULL, NULL, NULL, NULL, NULL, NULL, NULL, NULL, NULL, NULL, NULL, NULL, NULL, NULL, NULL, NULL, NULL, NULL, NULL, NULL, NULL, NULL, NULL, NULL, NULL, NULL, NULL, NULL, NULL, NULL, NULL, NULL, NULL, NULL, NULL, NULL, '', NULL, NULL, NULL, NULL, NULL, NULL, NULL, NULL, NULL, NULL, 0, 1, NULL, NULL, NULL, NULL, NULL, NULL, 1, '2022', NULL, NULL, NULL, NULL, NULL, NULL, NULL, '4DKV'),
(529, 'PPDBM1NGK2022009', NULL, 'PR', NULL, '3518165110060002', NULL, '0069796373', 'Afifah Alfiatus Safitri', 'foto_siswa/foto_00697963731652874049.jpg', 'P', 'NGANJUK', '2006-10-11', 'SMPN 1 REJOSO', '2051919', 'NGANJUK', 'Negeri', NULL, '1IPA', '2IPS', 'SMP', 'Islam', NULL, NULL, NULL, NULL, NULL, NULL, NULL, NULL, NULL, '085335504715', NULL, NULL, NULL, NULL, NULL, NULL, NULL, NULL, NULL, NULL, NULL, NULL, NULL, NULL, NULL, NULL, NULL, NULL, NULL, NULL, NULL, NULL, NULL, NULL, NULL, NULL, NULL, NULL, NULL, NULL, NULL, NULL, NULL, NULL, NULL, NULL, '23-022-195-6', NULL, NULL, NULL, NULL, NULL, NULL, NULL, NULL, NULL, NULL, 0, 1, NULL, NULL, NULL, NULL, NULL, NULL, 1, '11102006', NULL, NULL, NULL, NULL, NULL, NULL, NULL, '4DKV'),
(530, 'PPDBM1NGK2022010', NULL, 'PR', NULL, '3518036912060001', NULL, '0062869510', 'Najmatul Aulia Rahma Hasanah ', 'foto_siswa/foto_00628695101652094519.jpg', 'P', 'NGANJUK', '2006-12-29', 'MTS NEGERI 7 NGANJUK', '2582419', 'NGANJUK', 'Negeri', NULL, '1IPA', '2IPS', 'MTs', 'Islam', NULL, NULL, NULL, NULL, NULL, NULL, NULL, NULL, NULL, '081234355981', NULL, NULL, NULL, NULL, NULL, NULL, NULL, NULL, NULL, NULL, NULL, NULL, NULL, NULL, NULL, NULL, NULL, NULL, NULL, NULL, NULL, NULL, NULL, NULL, NULL, NULL, NULL, NULL, NULL, NULL, NULL, NULL, NULL, NULL, NULL, NULL, '22-13-13-2-0545-0264', NULL, NULL, NULL, NULL, NULL, NULL, NULL, NULL, NULL, NULL, 0, 1, NULL, NULL, NULL, NULL, NULL, NULL, 1, 'najmatul123', NULL, NULL, NULL, NULL, NULL, NULL, NULL, '2TC'),
(531, 'PPDBM1NGK2022011', NULL, 'PR', NULL, '3518087012060002', NULL, '0067196664', 'Faridatus Salsabila ', 'foto_siswa/default.png', 'P', 'NGANJUK', '2006-12-30', 'MTSN 1 NGANJUK', '6072861', 'NGANJUK', 'Negeri', NULL, '1IPA', '1IPA', 'MTs', 'Islam', NULL, NULL, NULL, NULL, NULL, NULL, NULL, NULL, NULL, '6285851971875', NULL, NULL, NULL, NULL, NULL, NULL, NULL, NULL, NULL, NULL, NULL, NULL, NULL, NULL, NULL, NULL, NULL, NULL, NULL, NULL, NULL, NULL, NULL, NULL, NULL, NULL, NULL, NULL, NULL, NULL, NULL, NULL, NULL, NULL, NULL, NULL, '', NULL, NULL, NULL, NULL, NULL, NULL, NULL, NULL, NULL, NULL, 0, 1, NULL, NULL, NULL, NULL, NULL, NULL, 1, 'salsa06', NULL, NULL, NULL, NULL, NULL, NULL, NULL, '4DKV'),
(532, 'PPDBM1NGK2022012', NULL, 'TH', NULL, '3518100607070002', NULL, '0079777593', 'M. Fitto Fahmi', 'foto_siswa/foto_00797775931652711867.jpg', 'L', 'NGANJUK', '2007-07-06', 'MTSN 2 NGANJUK', '2058245', 'NGANJUK', 'Negeri', NULL, '1IPA', '1IPA', 'MTs', 'Islam', NULL, NULL, NULL, NULL, NULL, NULL, NULL, NULL, NULL, '085233212469', NULL, NULL, NULL, NULL, NULL, NULL, NULL, NULL, NULL, NULL, NULL, NULL, NULL, NULL, NULL, NULL, NULL, NULL, NULL, NULL, NULL, NULL, NULL, NULL, NULL, NULL, NULL, NULL, NULL, NULL, NULL, NULL, NULL, NULL, NULL, NULL, '22-13-13-02-0534-0300', NULL, NULL, NULL, NULL, NULL, NULL, NULL, NULL, NULL, NULL, 0, 1, NULL, NULL, NULL, NULL, NULL, NULL, 1, '060707Ff', NULL, NULL, NULL, NULL, NULL, NULL, NULL, '4DKV'),
(533, 'PPDBM1NGK2022013', NULL, 'PR', NULL, NULL, NULL, '0074567208', 'Ahmad Wildan Alfirdaus ', 'foto_siswa/default.png', NULL, NULL, NULL, 'MTSN 1 NGANJUK ', '6072861', 'NGANJUK', 'Negeri', NULL, NULL, NULL, 'MTs', NULL, NULL, NULL, NULL, NULL, NULL, NULL, NULL, NULL, NULL, '085745050035', NULL, NULL, NULL, NULL, NULL, NULL, NULL, NULL, NULL, NULL, NULL, NULL, NULL, NULL, NULL, NULL, NULL, NULL, NULL, NULL, NULL, NULL, NULL, NULL, NULL, NULL, NULL, NULL, NULL, NULL, NULL, NULL, NULL, NULL, NULL, NULL, '', NULL, NULL, NULL, NULL, NULL, NULL, NULL, NULL, NULL, NULL, 0, 1, NULL, NULL, NULL, NULL, NULL, NULL, 1, 'WILDAN', NULL, NULL, NULL, NULL, NULL, NULL, NULL, NULL),
(534, 'PPDBM1NGK2022014', NULL, 'PR', NULL, '3518104510060002', NULL, '0063534845', 'Rosa Nur Azizah', 'foto_siswa/foto_00635348451652096540.jpg', 'P', 'NGANJUK', '2006-10-05', 'MTSN 6 NGANJUK', '2058243', 'NGANJUK', 'Negeri', NULL, '2IPS', '2IPS', 'MTs', 'Islam', NULL, NULL, NULL, NULL, NULL, NULL, NULL, NULL, NULL, '082232217753', NULL, NULL, NULL, NULL, NULL, NULL, NULL, NULL, NULL, NULL, NULL, NULL, NULL, NULL, NULL, NULL, NULL, NULL, NULL, NULL, NULL, NULL, NULL, NULL, NULL, NULL, NULL, NULL, NULL, NULL, NULL, NULL, NULL, NULL, NULL, NULL, '', NULL, NULL, NULL, NULL, NULL, NULL, NULL, NULL, NULL, NULL, 0, 1, NULL, NULL, NULL, NULL, NULL, NULL, 1, '0510rosa', NULL, NULL, NULL, NULL, NULL, NULL, NULL, '5KB'),
(535, 'PPDBM1NGK2022015', NULL, 'PR', NULL, '3518074506070001', NULL, '0076674006', 'Ana Nisa\'u Latifatul Ula ', 'foto_siswa/foto_00766740061652356056.png', 'P', 'NGANJUK ', '2007-06-05', 'MTSN 2 NGANJUJ', '2058245', 'NGANJUK', 'Negeri', NULL, '1IPA', '2IPS', 'MTs', 'Islam', NULL, NULL, NULL, NULL, NULL, NULL, NULL, NULL, NULL, '087822745807', NULL, NULL, NULL, NULL, NULL, NULL, NULL, NULL, NULL, NULL, NULL, NULL, NULL, NULL, NULL, NULL, NULL, NULL, NULL, NULL, NULL, NULL, NULL, NULL, NULL, NULL, NULL, NULL, NULL, NULL, NULL, NULL, NULL, NULL, NULL, NULL, '22-13-13-2-0534-0005', NULL, NULL, NULL, NULL, NULL, NULL, NULL, NULL, NULL, NULL, 0, 1, NULL, NULL, NULL, NULL, NULL, NULL, 1, 'nisana050607', NULL, NULL, NULL, NULL, NULL, NULL, NULL, '4DKV'),
(536, 'PPDBM1NGK2022016', NULL, 'PR', NULL, '3518085305070003', NULL, '3073349374', 'Mayrin Agista Aliefiyani', 'foto_siswa/foto_30733493741652498632.jpg', 'P', 'NGANJUK', '2007-05-13', 'MTSN 2 NGANJUK', '2058245', 'NGANJUK', 'Negeri', NULL, '1IPA', '1IPA', 'MTs', 'Islam', NULL, NULL, NULL, NULL, NULL, NULL, NULL, NULL, NULL, '089670063325', NULL, NULL, NULL, NULL, NULL, NULL, NULL, NULL, NULL, NULL, NULL, NULL, NULL, NULL, NULL, NULL, NULL, NULL, NULL, NULL, NULL, NULL, NULL, NULL, NULL, NULL, NULL, NULL, NULL, NULL, NULL, NULL, NULL, NULL, NULL, NULL, '22-13-13', NULL, NULL, NULL, NULL, NULL, NULL, NULL, NULL, NULL, NULL, 0, 1, NULL, NULL, NULL, NULL, NULL, NULL, 1, 'mayrin1305', NULL, NULL, NULL, NULL, NULL, NULL, NULL, '1TB'),
(538, 'PPDBM1NGK2022018', NULL, 'PR', NULL, '3518072507070001', NULL, '0078514005', 'Ahmad Burhanul Fata', 'foto_siswa/foto_00785140051652682791.jpg', 'L', 'NGANJUK', '2022-05-16', 'MTSN 2 NGANJUK', '2058245', 'NGANJUK', 'Negeri', NULL, '1IPA', '4AGM', 'MTs', 'Islam', NULL, NULL, NULL, NULL, NULL, NULL, NULL, NULL, NULL, '089678495120', NULL, NULL, NULL, NULL, NULL, NULL, NULL, NULL, NULL, NULL, NULL, NULL, NULL, NULL, NULL, NULL, NULL, NULL, NULL, NULL, NULL, NULL, NULL, NULL, NULL, NULL, NULL, NULL, NULL, NULL, NULL, NULL, NULL, NULL, NULL, NULL, '', NULL, NULL, NULL, NULL, NULL, NULL, NULL, NULL, NULL, NULL, 0, 1, NULL, NULL, NULL, NULL, NULL, NULL, 1, 'bismillah99', NULL, NULL, NULL, NULL, NULL, NULL, NULL, '4DKV'),
(539, 'PPDBM1NGK2022019', NULL, 'PR', NULL, '3518080801070001', '3518082601120001', '0071254448', 'Muhammad Fahreza Maulana Habibi', 'foto_siswa/default.png', 'L', 'NGANJUK', '2007-01-08', 'MTSN 1 NGANJUK', '6072861', 'NGANJUK', 'Negeri', NULL, '4AGM', '4AGM', 'MTs', 'Islam', 'JL.KH.GHOZALI', '02', '04', 'LAMBANGKUNING', 'KERTOSONO', 'NGANJUK', 'JAWA TIMUR', '64315', 'Sepeda Motor', '085815857983', 2, 3, 166, 40, 'ANAK KANDUNG', 'Bersama Orang Tua', '1800', '10', '3518080701750001', 'MIFTACHUL SAIDIN', 'NGANJUK', '2007-01-19', NULL, 'SMA Sederajat', 'Karyawan Swasta', 'Rp. 1 jt s/d Rp 2jt', '085336898327', '3518086611760001', 'MIFTAKHUL JANNAH', 'NGANJUK', '2026-11-19', NULL, 'S1', 'Guru', 'Rp. 1 jt s/d Rp 2jt', '081380080092', NULL, NULL, NULL, NULL, NULL, NULL, NULL, NULL, NULL, NULL, '', NULL, NULL, 'berkas_kk/kk_00712544481653220816.jpg', 'ijazah_akta/ia_00712544481653215262.jpg', NULL, NULL, NULL, NULL, NULL, NULL, 0, 1, NULL, NULL, NULL, NULL, NULL, NULL, 1, '080107', NULL, NULL, NULL, NULL, NULL, NULL, NULL, '3TKR'),
(540, 'PPDBM1NGK2022020', NULL, 'TH', NULL, '3518104206070001', NULL, '0063799400', 'Ainun Ni\'mah', 'foto_siswa/foto_00637994001652272624.jpg', 'P', 'NGANJUK', '2007-06-02', 'MTSN 1 NGANJUK', '6072861', 'NGANJUK', 'Negeri', NULL, '1IPA', '1IPA', 'MTs', 'Islam', NULL, NULL, NULL, NULL, NULL, NULL, NULL, NULL, NULL, '085895836607', NULL, NULL, NULL, NULL, NULL, NULL, NULL, NULL, NULL, NULL, NULL, NULL, NULL, NULL, NULL, NULL, NULL, NULL, NULL, NULL, NULL, NULL, NULL, NULL, NULL, NULL, NULL, NULL, NULL, NULL, NULL, NULL, NULL, NULL, NULL, NULL, '', NULL, NULL, NULL, NULL, NULL, NULL, NULL, NULL, NULL, NULL, 0, 1, NULL, NULL, NULL, NULL, NULL, NULL, 1, 'UAUA1234', NULL, NULL, NULL, NULL, NULL, NULL, NULL, '2TC'),
(541, 'PPDBM1NGK2022021', NULL, 'PR', NULL, '0075141374', NULL, '0075141374', 'Fawaz Nur Abiyuwinsyah ', 'foto_siswa/foto_00751413741652173747.jpg', 'L', 'NGANJUK', '2007-03-04', 'MTS NEGERI 2 NGANJUK', '2058245', 'NGANJUK', 'Negeri', NULL, '1IPA', '1IPA', 'MTs', 'Islam', NULL, NULL, NULL, NULL, NULL, NULL, NULL, NULL, NULL, '081252264097', NULL, NULL, NULL, NULL, NULL, NULL, NULL, NULL, NULL, NULL, NULL, NULL, NULL, NULL, NULL, NULL, NULL, NULL, NULL, NULL, NULL, NULL, NULL, NULL, NULL, NULL, NULL, NULL, NULL, NULL, NULL, NULL, NULL, NULL, NULL, NULL, '', NULL, NULL, NULL, NULL, NULL, NULL, NULL, NULL, NULL, NULL, 0, 1, NULL, NULL, NULL, NULL, NULL, NULL, 1, 'ABI2007', NULL, NULL, NULL, NULL, NULL, NULL, NULL, '3TKR'),
(542, 'PPDBM1NGK2022022', NULL, 'PR', NULL, NULL, NULL, '0075782552', 'Yhuwan Dika Firdaus', 'foto_siswa/default.png', NULL, NULL, NULL, NULL, NULL, NULL, NULL, NULL, NULL, NULL, NULL, NULL, NULL, NULL, NULL, NULL, NULL, NULL, NULL, NULL, NULL, '081358217169', NULL, NULL, NULL, NULL, NULL, NULL, NULL, NULL, NULL, NULL, NULL, NULL, NULL, NULL, NULL, NULL, NULL, NULL, NULL, NULL, NULL, NULL, NULL, NULL, NULL, NULL, NULL, NULL, NULL, NULL, NULL, NULL, NULL, NULL, NULL, NULL, NULL, NULL, NULL, NULL, NULL, NULL, NULL, NULL, NULL, NULL, NULL, 0, 1, NULL, NULL, NULL, NULL, NULL, NULL, 0, 'yhuwan', NULL, NULL, NULL, NULL, NULL, NULL, NULL, NULL),
(543, 'PPDBM1NGK2022023', NULL, 'PR', NULL, '3518036610060001', NULL, '0064475936', 'NAUFA ZUMROTUS SA\'ADAH', 'foto_siswa/foto_00644759361652235578.jpg', 'P', 'NGANJUK', '2006-10-26', 'MTSN 7 NGANJUK', '2058241', 'NGANJUK', 'Negeri', NULL, '1IPA', '2IPS', 'MTs', 'Islam', NULL, NULL, NULL, NULL, NULL, NULL, NULL, NULL, NULL, '085815570062', NULL, NULL, NULL, NULL, NULL, NULL, NULL, NULL, NULL, NULL, NULL, NULL, NULL, NULL, NULL, NULL, NULL, NULL, NULL, NULL, NULL, NULL, NULL, NULL, NULL, NULL, NULL, NULL, NULL, NULL, NULL, NULL, NULL, NULL, NULL, NULL, '', NULL, NULL, NULL, NULL, NULL, NULL, NULL, NULL, NULL, NULL, 0, 1, NULL, NULL, NULL, NULL, NULL, NULL, 1, 'zumrotus2006', NULL, NULL, NULL, NULL, NULL, NULL, NULL, '6TB'),
(544, 'PPDBM1NGK2022024', NULL, 'PR', NULL, '3518076101070004', '3518070506090009', '0073395927', 'Nilarizma Ainurrohmah', 'foto_siswa/foto_00733959271653049330.jpg', 'P', 'NGANJUK', '2007-01-21', 'MTSN 9 NGANJUK', '2058243', 'NGANJUK ', 'Negeri', NULL, '4AGM', '4AGM', 'MTs', 'Islam', 'DS.JUWET RT.02 RW.05', '02', '05', 'JUWET ', 'NGRONGGOT ', 'NGANJUK ', 'JAWA TIMUR ', '64395', 'Jalan Kaki', '082334028268', 1, 2, 155, 48, 'ANAK KANDUNG ', 'Mondok', '500', '15', '3518072610780002', 'RIZA DAENAL MASROFI ', 'SURABAYA ', '1978-10-26', NULL, 'SMA Sederajat', 'Petani', 'Rp. 500.000 s/d Rp. 999.000', '', '3518075110850007', 'JUMAROTIN ', 'NGANJUK', '1985-10-11', NULL, 'SMP Sederajat', 'Petani', 'Kurang dari Rp. 500.000', '085648452582', NULL, NULL, NULL, NULL, NULL, NULL, NULL, NULL, NULL, NULL, '', NULL, NULL, 'berkas_kk/kk_00733959271653274613.jpg', 'ijazah_akta/ia_00733959271653273276.jpg', NULL, NULL, NULL, NULL, NULL, NULL, 0, 1, NULL, NULL, NULL, NULL, NULL, NULL, 1, '210127', NULL, NULL, NULL, NULL, NULL, NULL, NULL, '2TC'),
(545, 'PPDBM1NGK2022025', NULL, 'PR', NULL, NULL, NULL, '0078707135', 'Zuhha Faizzatus Sabily', 'foto_siswa/default.png', NULL, NULL, NULL, NULL, NULL, NULL, NULL, NULL, NULL, NULL, NULL, NULL, NULL, NULL, NULL, NULL, NULL, NULL, NULL, NULL, NULL, '085792204882', NULL, NULL, NULL, NULL, NULL, NULL, NULL, NULL, NULL, NULL, NULL, NULL, NULL, NULL, NULL, NULL, NULL, NULL, NULL, NULL, NULL, NULL, NULL, NULL, NULL, NULL, NULL, NULL, NULL, NULL, NULL, NULL, NULL, NULL, NULL, NULL, NULL, NULL, NULL, NULL, NULL, NULL, NULL, NULL, NULL, NULL, NULL, 0, 1, NULL, NULL, NULL, NULL, NULL, NULL, 1, 'zuhha12345', NULL, NULL, NULL, NULL, NULL, NULL, NULL, NULL),
(546, 'PPDBM1NGK2022026', NULL, 'TH', NULL, '3518094103070001', NULL, '0075470711', 'Nihri Rizquna Awwaliyyata Rohman', 'foto_siswa/default.png', 'P', 'NGANJUK', '2007-03-01', 'MTS PERGURUAN MU\'ALLIMAT', '2058231', 'JOMBANG', 'Swasta', NULL, '4AGM', '4AGM', 'MTs', 'Islam', NULL, NULL, NULL, NULL, NULL, NULL, NULL, NULL, NULL, '081331175410', NULL, NULL, NULL, NULL, NULL, NULL, NULL, NULL, NULL, NULL, NULL, NULL, NULL, NULL, NULL, NULL, NULL, NULL, NULL, NULL, NULL, NULL, NULL, NULL, NULL, NULL, NULL, NULL, NULL, NULL, NULL, NULL, NULL, NULL, NULL, NULL, '', NULL, NULL, NULL, NULL, NULL, NULL, NULL, NULL, NULL, NULL, 0, 1, NULL, NULL, NULL, NULL, NULL, NULL, 1, 'harusambis', NULL, NULL, NULL, NULL, NULL, NULL, NULL, '4DKV'),
(547, 'PPDBM1NGK2022027', NULL, 'TH', NULL, '3518196108070001', NULL, '0077593568', 'Nadia Labibatul Fauziyyah ', 'foto_siswa/default.png', 'L', 'NGANJUK', '2007-08-21', 'MTS PERGURUAN MU\'ALLIMAT', '2058231', 'JOMBANG', 'Swasta', NULL, '4AGM', '2IPS', 'MTs', 'Islam', NULL, NULL, NULL, NULL, NULL, NULL, NULL, NULL, NULL, '081359608880', NULL, NULL, NULL, NULL, NULL, NULL, NULL, NULL, NULL, NULL, NULL, NULL, NULL, NULL, NULL, NULL, NULL, NULL, NULL, NULL, NULL, NULL, NULL, NULL, NULL, NULL, NULL, NULL, NULL, NULL, NULL, NULL, NULL, NULL, NULL, NULL, '', NULL, NULL, NULL, NULL, NULL, NULL, NULL, NULL, NULL, NULL, 0, 1, NULL, NULL, NULL, NULL, NULL, NULL, 1, '210807', NULL, NULL, NULL, NULL, NULL, NULL, NULL, '2TC'),
(548, 'PPDBM1NGK2022028', NULL, 'SB', NULL, '3518111012060001', NULL, '0062941516', 'Rifa Nanda Nur Ismana Putra', 'foto_siswa/foto_00629415161652366177.jpg', 'L', 'NGANJUK', '2022-05-12', 'MTSN 1 NGANJUK', '60728613', 'NGANJUK', 'Negeri', NULL, '1IPA', '2IPS', 'MTs', 'Islam', NULL, NULL, NULL, NULL, NULL, NULL, NULL, NULL, NULL, '085233258976', NULL, NULL, NULL, NULL, NULL, NULL, NULL, NULL, NULL, NULL, NULL, NULL, NULL, NULL, NULL, NULL, NULL, NULL, NULL, NULL, NULL, NULL, NULL, NULL, NULL, NULL, NULL, NULL, NULL, NULL, NULL, NULL, NULL, NULL, NULL, NULL, '', NULL, NULL, NULL, NULL, NULL, NULL, NULL, NULL, NULL, NULL, 0, 0, NULL, NULL, NULL, NULL, NULL, NULL, 1, 'rifa123456', NULL, NULL, NULL, NULL, NULL, NULL, NULL, '4DKV'),
(549, 'PPDBM1NGK2022029', NULL, 'SB', NULL, '3518082004060005', NULL, '0061699008', 'Sultonul Aliyak ', 'foto_siswa/default.png', 'L', 'NGANJUK ', '2022-05-18', NULL, NULL, NULL, NULL, NULL, '1IPA', '2IPS', NULL, 'Islam', NULL, NULL, NULL, NULL, NULL, NULL, NULL, NULL, NULL, '082234128803', NULL, NULL, NULL, NULL, NULL, NULL, NULL, NULL, NULL, NULL, NULL, NULL, NULL, NULL, NULL, NULL, NULL, NULL, NULL, NULL, NULL, NULL, NULL, NULL, NULL, NULL, NULL, NULL, NULL, NULL, NULL, NULL, NULL, NULL, NULL, NULL, NULL, NULL, NULL, NULL, NULL, NULL, NULL, NULL, NULL, NULL, NULL, 0, 0, NULL, NULL, NULL, NULL, NULL, NULL, 1, 'yayakaliyak', NULL, NULL, NULL, NULL, NULL, NULL, NULL, '5KB'),
(550, 'PPDBM1NGK2022030', NULL, 'SB', NULL, '3518116109060002', NULL, '0062251732', 'Nur\'aini Lathiftahur Rohmah', 'foto_siswa/default.png', 'P', 'NGANJUK', '2006-09-21', 'SMP ISLAM ALQODIR', '20568501', 'NGANJUK', 'Swasta', NULL, '4AGM', '4AGM', 'SMP', 'Islam', NULL, NULL, NULL, NULL, NULL, NULL, NULL, NULL, NULL, '085732858318', NULL, NULL, NULL, NULL, NULL, NULL, NULL, NULL, NULL, NULL, NULL, NULL, NULL, NULL, NULL, NULL, NULL, NULL, NULL, NULL, NULL, NULL, NULL, NULL, NULL, NULL, NULL, NULL, NULL, NULL, NULL, NULL, NULL, NULL, NULL, NULL, '-', NULL, NULL, NULL, NULL, NULL, NULL, NULL, NULL, NULL, NULL, 0, 0, NULL, NULL, NULL, NULL, NULL, NULL, 1, '0987654321', NULL, NULL, NULL, NULL, NULL, NULL, NULL, '1TB'),
(552, 'PPDBM1NGK2022032', NULL, 'SB', NULL, '3518073009060002', NULL, '0066960807', 'M. Haris Bintang Ramadhan', 'foto_siswa/foto_00669608071652481175.jpeg', 'L', 'NGANJUK', '2006-09-30', 'SMPN 1 TANJUNGANOM', '20538371', 'NGANJUK', 'Negeri', NULL, '1IPA', '3BB', 'SMP', 'Islam', NULL, NULL, NULL, NULL, NULL, NULL, NULL, NULL, NULL, '087888472456', NULL, NULL, NULL, NULL, NULL, NULL, NULL, NULL, NULL, NULL, NULL, NULL, NULL, NULL, NULL, NULL, NULL, NULL, NULL, NULL, NULL, NULL, NULL, NULL, NULL, NULL, NULL, NULL, NULL, NULL, NULL, NULL, NULL, NULL, NULL, NULL, '', NULL, NULL, NULL, NULL, NULL, NULL, NULL, NULL, NULL, NULL, 0, 0, NULL, NULL, NULL, NULL, NULL, NULL, 1, 'haris300906', NULL, NULL, NULL, NULL, NULL, NULL, NULL, '3TKR'),
(553, 'PPDBM1NGK2022033', NULL, 'TH', NULL, NULL, NULL, '0072755698', 'Dewi Arumnia Pinaring Gusti', 'foto_siswa/default.png', NULL, NULL, NULL, NULL, NULL, NULL, NULL, NULL, NULL, NULL, NULL, NULL, NULL, NULL, NULL, NULL, NULL, NULL, NULL, NULL, NULL, '087855317089', NULL, NULL, NULL, NULL, NULL, NULL, NULL, NULL, NULL, NULL, NULL, NULL, NULL, NULL, NULL, NULL, NULL, NULL, NULL, NULL, NULL, NULL, NULL, NULL, NULL, NULL, NULL, NULL, NULL, NULL, NULL, NULL, NULL, NULL, NULL, NULL, NULL, NULL, NULL, NULL, NULL, NULL, NULL, NULL, NULL, NULL, NULL, 0, 1, NULL, NULL, NULL, NULL, NULL, NULL, 1, 'bismillah', NULL, NULL, NULL, NULL, NULL, NULL, NULL, NULL),
(554, 'PPDBM1NGK2022034', NULL, 'TH', NULL, '351808441060003', '3518082603030016', '0068468427', 'Fitria Mufarihatul Ummah', 'foto_siswa/foto_00684684271652490432.JPG', 'P', 'NGANJUK', '2006-11-04', 'MTS DARUL HIKMAH', '6988168', 'NGANJUK', 'Swasta', NULL, '4AGM', '1IPA', 'MTs', 'Islam', 'JLN.LENGKONG', '002', '005', 'PELEM', 'KERTOSONO', 'NGANJUK', 'JAWA TIMUR', '64314', 'Sepeda Motor', '085330139150', 2, 2, 155, 40, 'ANAK KANDUNG', 'Mondok', '4000', '10', '3518080105710002', 'IMAM NAWAWI', 'NGANJUK', '1971-05-01', NULL, 'SMA Sederajat', 'Karyawan Swasta', 'Rp. 500.000 s/d Rp. 999.000', '085233909647', '3518084602740005', 'FAIZATUL CHASANAH', 'NGANJUK', '1974-02-06', NULL, 'SMP Sederajat', 'Tidak Bekerja', 'Tidak Berpenghasilan', '081330231137', NULL, NULL, NULL, NULL, NULL, NULL, NULL, NULL, NULL, NULL, '22-13-13-2-0569-0008', NULL, NULL, 'berkas_kk/kk_00684684271653273508.jpg', 'ijazah_akta/ia_00684684271653273328.jpg', NULL, NULL, NULL, NULL, NULL, NULL, 0, 1, NULL, NULL, NULL, NULL, NULL, NULL, 1, 'fitriayaya', NULL, NULL, NULL, NULL, NULL, NULL, NULL, '1TB'),
(555, 'PPDBM1NGK2022035', NULL, 'TH', NULL, '3525035605070001', '3525031611088226', '0072755699', 'Dewi Arumnia Pinaring Gusti', 'foto_siswa/foto_00727556991652490413.jpg', 'P', 'GRESIK', '2007-05-16', 'MTS DARUL HIKMAH', '6988168', 'NGANJUK', 'Swasta', NULL, '3BB', '2IPS', 'MTs', 'Islam', 'CAMPUREJO ', '004', '001', 'CAMPUREJO ', 'PANCENG ', 'GRESIK', 'JAWA TIMUR ', '61156', 'Sepeda Motor', '087855317089', 3, 3, 158, 42, 'ANAK KANDUNG', 'Mondok', '4000', '10', '3518161509800002', 'AGUS SUPRIONO ', 'NGANJUK ', '1980-09-15', NULL, 'SMP Sederajat', 'Karyawan Swasta', 'Rp. 1 jt s/d Rp 2jt', '081233652883', '3525034711750002', 'HANIFAH', 'GRESIK', '1975-11-07', NULL, 'SMA Sederajat', 'Tidak Bekerja', 'Tidak Berpenghasilan', '+60135349897', NULL, NULL, NULL, NULL, NULL, NULL, NULL, NULL, NULL, NULL, '22-13-13-2-0569-0006', NULL, NULL, 'berkas_kk/kk_00727556991653274024.jpg', 'ijazah_akta/ia_00727556991653272310.jpg', NULL, NULL, NULL, NULL, NULL, NULL, 0, 1, NULL, NULL, NULL, NULL, NULL, NULL, 1, 'bismillah', NULL, NULL, NULL, NULL, NULL, NULL, NULL, '2TC'),
(557, 'PPDBM1NGK2022037', NULL, 'TH', NULL, '3518086303070004', NULL, '0072749133', 'Izza Zaskia Mualif ', 'foto_siswa/foto_00727491331652493375.png', 'P', 'NGANJUK ', '2007-03-23', 'MTSN 1 NGANJUK ', '6072861', 'NGANJUK ', 'Negeri', NULL, '4AGM', '3BB', 'MTs', 'Islam', NULL, NULL, NULL, NULL, NULL, NULL, NULL, NULL, NULL, '081358928567', NULL, NULL, NULL, NULL, NULL, NULL, NULL, NULL, NULL, NULL, NULL, NULL, NULL, NULL, NULL, NULL, NULL, NULL, NULL, NULL, NULL, NULL, NULL, NULL, NULL, NULL, NULL, NULL, NULL, NULL, NULL, NULL, NULL, NULL, NULL, NULL, '', NULL, NULL, NULL, NULL, NULL, NULL, NULL, NULL, NULL, NULL, 0, 1, NULL, NULL, NULL, NULL, NULL, NULL, 1, '123456', NULL, NULL, NULL, NULL, NULL, NULL, NULL, '1TB'),
(558, 'PPDBM1NGK2022038', NULL, 'PR', NULL, '3518105702070001', NULL, '0072790607', 'Naysha Anindya Argita', 'foto_siswa/foto_00727906071652531854.jpg', 'P', 'JOMBANG', '2007-02-17', 'MTS AL KHOIRIYAH', '20582418', 'NGANJUK', 'Swasta', NULL, '1IPA', '3BB', 'MTs', 'Islam', NULL, NULL, NULL, NULL, NULL, NULL, NULL, NULL, NULL, '082334025638', NULL, NULL, NULL, NULL, NULL, NULL, NULL, NULL, NULL, NULL, NULL, NULL, NULL, NULL, NULL, NULL, NULL, NULL, NULL, NULL, NULL, NULL, NULL, NULL, NULL, NULL, NULL, NULL, NULL, NULL, NULL, NULL, NULL, NULL, NULL, NULL, '', NULL, NULL, NULL, NULL, NULL, NULL, NULL, NULL, NULL, NULL, 0, 1, NULL, NULL, NULL, NULL, NULL, NULL, 1, 'naysha1234', NULL, NULL, NULL, NULL, NULL, NULL, NULL, '6TB'),
(559, 'PPDBM1NGK2022039', NULL, 'PR', NULL, '3518144505060001', NULL, '0064790620', 'Zuke Dwi Kholifah', 'foto_siswa/foto_00647906201652481875.jpg', 'P', 'NGANJUK', '2006-05-05', 'MTSN 10 NGANJUK', '2058241', 'NGANJUK', 'Negeri', NULL, '1IPA', '2IPS', 'MTs', 'Islam', NULL, NULL, NULL, NULL, NULL, NULL, NULL, NULL, NULL, '082323421833', NULL, NULL, NULL, NULL, NULL, NULL, NULL, NULL, NULL, NULL, NULL, NULL, NULL, NULL, NULL, NULL, NULL, NULL, NULL, NULL, NULL, NULL, NULL, NULL, NULL, NULL, NULL, NULL, NULL, NULL, NULL, NULL, NULL, NULL, NULL, NULL, '22-13-13-2-0543-0031', NULL, NULL, NULL, NULL, NULL, NULL, NULL, NULL, NULL, NULL, 0, 1, NULL, NULL, NULL, NULL, NULL, NULL, 1, '11APRIL', NULL, NULL, NULL, NULL, NULL, NULL, NULL, '2TC'),
(560, 'PPDBM1NGK2022040', NULL, 'TH', NULL, '3518071904070005', '3518070408020109', '0078284232', 'Rudat Ilaina Rohmah', 'foto_siswa/foto_00782842321652491479.jpg', 'P', 'NGANJUK', '2007-04-19', 'MTS DARUL HIKMAH', '6988168', 'NGANJUK', 'Swasta', NULL, '1IPA', '4AGM', 'MTs', 'Islam', 'SUMBERGAYU', '002', '005', 'KLURAHAN', 'NGRONGGOT', 'NGANJUK', 'JAWA TIMUR', '64395', 'Sepeda Motor', '083133148861', 3, 3, 153, 44, 'ANAK KANDUNG', 'Mondok', '5000', '10', '3518071607680001', 'H.MAHFUDL.S', 'NGANJUK', '1968-07-16', NULL, 'SMA Sederajat', 'Karyawan Swasta', 'Rp. 1 jt s/d Rp 2jt', '081335048615', '3518074510710008', 'BINTI KONIATUR ROHMAH', 'NGANJUK', '1971-10-05', NULL, 'SMA Sederajat', 'Pedagang', 'Rp. 1 jt s/d Rp 2jt', '081335048615', NULL, NULL, NULL, NULL, NULL, NULL, NULL, NULL, NULL, NULL, '22-13-13-2-0569-0013', NULL, NULL, 'berkas_kk/kk_00782842321653273400.jpg', 'ijazah_akta/ia_00782842321653273436.jpg', NULL, NULL, NULL, NULL, NULL, NULL, 0, 1, NULL, NULL, NULL, NULL, NULL, NULL, 1, '19', NULL, NULL, NULL, NULL, NULL, NULL, NULL, '1TB'),
(561, 'PPDBM1NGK2022041', NULL, 'SB', NULL, '3518115910060007', NULL, '0067937853', 'Ochtavia Ainun Nadia ', 'foto_siswa/default.png', 'P', 'NGANJUK', '2006-10-19', 'MTS PSM KEDUNGOMBO ', '-', 'NGANJUK ', 'Swasta', NULL, '1IPA', '3BB', 'MTs', 'Islam', NULL, NULL, NULL, NULL, NULL, NULL, NULL, NULL, NULL, '085748417302', NULL, NULL, NULL, NULL, NULL, NULL, NULL, NULL, NULL, NULL, NULL, NULL, NULL, NULL, NULL, NULL, NULL, NULL, NULL, NULL, NULL, NULL, NULL, NULL, NULL, NULL, NULL, NULL, NULL, NULL, NULL, NULL, NULL, NULL, NULL, NULL, '', NULL, NULL, NULL, NULL, NULL, NULL, NULL, NULL, NULL, NULL, 0, 0, NULL, NULL, NULL, NULL, NULL, NULL, 1, 'nadia1906', NULL, NULL, NULL, NULL, NULL, NULL, NULL, '1TB'),
(562, 'PPDBM1NGK2022042', NULL, 'TH', NULL, '3518084306060002', NULL, '0064920759', 'Isnaini Khoiriah', 'foto_siswa/foto_00649207591652493494.jpg', 'P', 'NGANJUK ', '2006-06-03', 'MTSN 1 NGANJUK ', '6072861', 'NGANJUK ', 'Negeri', NULL, '4AGM', '2IPS', 'MTs', 'Islam', NULL, NULL, NULL, NULL, NULL, NULL, NULL, NULL, NULL, '085648663805', NULL, NULL, NULL, NULL, NULL, NULL, NULL, NULL, NULL, NULL, NULL, NULL, NULL, NULL, NULL, NULL, NULL, NULL, NULL, NULL, NULL, NULL, NULL, NULL, NULL, NULL, NULL, NULL, NULL, NULL, NULL, NULL, NULL, NULL, NULL, NULL, '', NULL, NULL, NULL, NULL, NULL, NULL, NULL, NULL, NULL, NULL, 0, 1, NULL, NULL, NULL, NULL, NULL, NULL, 1, 'isnaini0306', NULL, NULL, NULL, NULL, NULL, NULL, NULL, '1TB'),
(563, 'PPDBM1NGK2022043', NULL, 'SB', NULL, '351810660170001', NULL, '0077920710', 'ELVI IMANIA ZUHRI', 'foto_siswa/foto_00779207101652506338.jpg', 'P', 'NGANJUK', '2007-01-26', 'MTSN 4 NGANJUK', '60727501', 'NGANJUK', 'Negeri', NULL, '3BB', '4AGM', 'MTs', 'Islam', NULL, NULL, NULL, NULL, NULL, NULL, NULL, NULL, NULL, '085236139930', NULL, NULL, NULL, NULL, NULL, NULL, NULL, NULL, NULL, NULL, NULL, NULL, NULL, NULL, NULL, NULL, NULL, NULL, NULL, NULL, NULL, NULL, NULL, NULL, NULL, NULL, NULL, NULL, NULL, NULL, NULL, NULL, NULL, NULL, NULL, NULL, '', NULL, NULL, NULL, NULL, NULL, NULL, NULL, NULL, NULL, NULL, 0, 0, NULL, NULL, NULL, NULL, NULL, NULL, 1, 'Elvi26', NULL, NULL, NULL, NULL, NULL, NULL, NULL, '1TB'),
(564, 'PPDBM1NGK2022044', NULL, 'SB', NULL, '3518081910060001', NULL, '0069902783', 'M.afdila Faizin', 'foto_siswa/default.png', 'L', 'Nganjuk', '2006-10-19', 'Mts Da\'watul Khoir', '20582424', 'Nganjuk', 'Swasta', NULL, '2IPS', '2IPS', 'MTs', 'Islam', NULL, NULL, NULL, NULL, NULL, NULL, NULL, NULL, NULL, '087825281102', NULL, NULL, NULL, NULL, NULL, NULL, NULL, NULL, NULL, NULL, NULL, NULL, NULL, NULL, NULL, NULL, NULL, NULL, NULL, NULL, NULL, NULL, NULL, NULL, NULL, NULL, NULL, NULL, NULL, NULL, NULL, NULL, NULL, NULL, NULL, NULL, '', NULL, NULL, NULL, NULL, NULL, NULL, NULL, NULL, NULL, NULL, 0, 0, NULL, NULL, NULL, NULL, NULL, NULL, 1, 'Afdila27', NULL, NULL, NULL, NULL, NULL, NULL, NULL, '3TKR'),
(565, 'PPDBM1NGK2022045', NULL, 'SB', NULL, '3518195210060001', NULL, '0067966728', 'Kaniya Fatihatus Sholihah', 'foto_siswa/default.png', 'P', 'NGANJUK', '2006-10-12', 'MTSN 1 NGANJUK', '60728613', 'NGANJUK', 'Negeri', NULL, '1IPA', '2IPS', 'MTs', 'Islam', NULL, NULL, NULL, NULL, NULL, NULL, NULL, NULL, NULL, '081217890309', NULL, NULL, NULL, NULL, NULL, NULL, NULL, NULL, NULL, NULL, NULL, NULL, NULL, NULL, NULL, NULL, NULL, NULL, NULL, NULL, NULL, NULL, NULL, NULL, NULL, NULL, NULL, NULL, NULL, NULL, NULL, NULL, NULL, NULL, NULL, NULL, '', NULL, NULL, NULL, NULL, NULL, NULL, NULL, NULL, NULL, NULL, 0, 0, NULL, NULL, NULL, NULL, NULL, NULL, 1, '121006', NULL, NULL, NULL, NULL, NULL, NULL, NULL, '1TB'),
(566, 'PPDBM1NGK2022046', NULL, 'TH', NULL, '3518036112060001', NULL, '0063662929', 'Ayda Destria Rizqi ', 'foto_siswa/default.png', 'P', 'NGANJUK', '2006-12-21', 'MTSN 1 NGANJUK', '60728613', 'NGANJUK', 'Negeri', NULL, '4AGM', '4AGM', 'MTs', 'Islam', NULL, NULL, NULL, NULL, NULL, NULL, NULL, NULL, NULL, '082230201464', NULL, NULL, NULL, NULL, NULL, NULL, NULL, NULL, NULL, NULL, NULL, NULL, NULL, NULL, NULL, NULL, NULL, NULL, NULL, NULL, NULL, NULL, NULL, NULL, NULL, NULL, NULL, NULL, NULL, NULL, NULL, NULL, NULL, NULL, NULL, NULL, '', NULL, NULL, NULL, NULL, NULL, NULL, NULL, NULL, NULL, NULL, 0, 1, NULL, NULL, NULL, NULL, NULL, NULL, 1, 'nganjuk2019', NULL, NULL, NULL, NULL, NULL, NULL, NULL, '1TB'),
(567, 'PPDBM1NGK2022047', NULL, 'TH', NULL, '3518035312060002', NULL, '0061567551', 'Najmia Risalatul Umami', 'foto_siswa/default.png', 'P', 'NGANJUK ', '2006-12-13', 'MTSN 1 NGANJUK', '6072861', 'NGANJUK', 'Negeri', NULL, '4AGM', '4AGM', 'MTs', 'Islam', NULL, NULL, NULL, NULL, NULL, NULL, NULL, NULL, NULL, '085856423906', NULL, NULL, NULL, NULL, NULL, NULL, NULL, NULL, NULL, NULL, NULL, NULL, NULL, NULL, NULL, NULL, NULL, NULL, NULL, NULL, NULL, NULL, NULL, NULL, NULL, NULL, NULL, NULL, NULL, NULL, NULL, NULL, NULL, NULL, NULL, NULL, '', NULL, NULL, NULL, NULL, NULL, NULL, NULL, NULL, NULL, NULL, 0, 1, NULL, NULL, NULL, NULL, NULL, NULL, 1, 'fullsenyum', NULL, NULL, NULL, NULL, NULL, NULL, NULL, '1TB'),
(568, 'PPDBM1NGK2022048', NULL, 'TH', NULL, '3518116703070001', '3518112111060018', '0076567202', 'Livea Henbugsi', 'foto_siswa/foto_00765672021652960341.jpg', 'P', 'NGANJUK', '2007-03-27', 'MTSN 2 NGANJUK', '2058245', 'NGANJUK', 'Negeri', NULL, '1IPA', '4AGM', 'MTs', 'Islam', 'DSN.PALDAPLANG ', '2', '1', 'JOGOMERTO', 'TANJUNGANOM', 'NGANJUK', 'JAWA TIMUR', '64483', 'Sepeda Motor', '085733306293', NULL, NULL, NULL, NULL, NULL, 'Bersama Orang Tua', '6000', '15', '3518111011750008', 'SRI WAHGIYANTORO', 'BANTUL', '1975-11-10', NULL, 'SMA Sederajat', 'Petani', 'Rp. 500.000 s/d Rp. 999.000', '081556467814', '3518115210710002', 'SITI MARIYANI', 'NGANJUK', '1971-10-12', NULL, 'SMA Sederajat', 'Pedagang', 'Kurang dari Rp. 500.000', '081556467814', NULL, NULL, NULL, NULL, NULL, NULL, NULL, NULL, NULL, NULL, '', NULL, NULL, 'berkas_kk/kk_00765672021653269288.jpg', NULL, NULL, NULL, NULL, NULL, NULL, NULL, 0, 1, NULL, NULL, NULL, NULL, NULL, NULL, 1, '270307', NULL, NULL, NULL, NULL, NULL, NULL, NULL, '6TB'),
(569, 'PPDBM1NGK2022049', NULL, 'PR', NULL, '3505036506060001', '3518100105030023', '0069705473', 'Sayalin Zuhria Firdaus', 'foto_siswa/foto_00697054731653109116.jpg', 'P', 'BLITAR', '2022-05-21', 'MTSN 4 NGANJUK', '6072750', 'NGANJUK', 'Negeri', NULL, '4AGM', '2IPS', 'MTs', 'Islam', 'SAMBIROBYONG', '02', '03', 'JEKEK', 'BARON', 'NGANJUK', 'JAWA TIMUR', '64394', 'Jalan Kaki', '085695410833', 1, 3, 156, 50, 'ANAK', 'Mondok', '300', '10', '3518101812740001', 'SYAFIQ QADAFI', 'NGANJUK', '1974-12-18', NULL, 'SMA Sederajat', 'Petani', 'Rp. 1 jt s/d Rp 2jt', '081334131707', '3505035809800001', 'DWI NURMALIANA MASRUCHAH', 'BLITAR', '1980-09-18', NULL, 'S1', 'Karyawan Swasta', 'Rp. 2jt s/d Rp. 4 jt', '085646909198', NULL, NULL, NULL, NULL, NULL, NULL, NULL, NULL, NULL, NULL, '', NULL, NULL, 'berkas_kk/kk_00697054731653108913.jpg', 'ijazah_akta/ia_00697054731653108073.jpg', NULL, NULL, NULL, NULL, NULL, NULL, 0, 1, NULL, NULL, NULL, NULL, NULL, NULL, 1, 'aiya', NULL, NULL, NULL, NULL, NULL, NULL, NULL, '1TB'),
(570, 'PPDBM1NGK2022050', NULL, 'PR', NULL, NULL, NULL, '0103823226', 'Imas Ayu Kinasih', 'foto_siswa/default.png', NULL, NULL, NULL, 'MTSN 1 NGANJUK', '6072861', 'NGANJUK ', 'Negeri', NULL, NULL, NULL, 'MTs', NULL, NULL, NULL, NULL, NULL, NULL, NULL, NULL, NULL, NULL, '081615775226', NULL, NULL, NULL, NULL, NULL, NULL, NULL, NULL, NULL, NULL, NULL, NULL, NULL, NULL, NULL, NULL, NULL, NULL, NULL, NULL, NULL, NULL, NULL, NULL, NULL, NULL, NULL, NULL, NULL, NULL, NULL, NULL, NULL, NULL, NULL, NULL, '', NULL, NULL, NULL, NULL, NULL, NULL, NULL, NULL, NULL, NULL, 0, 1, NULL, NULL, NULL, NULL, NULL, NULL, 1, 'imasayu', NULL, NULL, NULL, NULL, NULL, NULL, NULL, NULL),
(571, 'PPDBM1NGK2022051', NULL, 'SB', NULL, '3518154905070002', NULL, '0074851964', 'Fatimatul Azzahra', 'foto_siswa/default.png', 'P', 'NGANJUK', '2007-05-09', 'MTSN 1 NGANJUK', '60728613', 'NGANJUK', 'Negeri', NULL, '2IPS', '1IPA', 'MTs', 'Islam', NULL, NULL, NULL, NULL, NULL, NULL, NULL, NULL, NULL, '085850491566', NULL, NULL, NULL, NULL, NULL, NULL, NULL, NULL, NULL, NULL, NULL, NULL, NULL, NULL, NULL, NULL, NULL, NULL, NULL, NULL, NULL, NULL, NULL, NULL, NULL, NULL, NULL, NULL, NULL, NULL, NULL, NULL, NULL, NULL, NULL, NULL, '', NULL, NULL, NULL, NULL, NULL, NULL, NULL, NULL, NULL, NULL, 0, 0, NULL, NULL, NULL, NULL, NULL, NULL, 1, '090507', NULL, NULL, NULL, NULL, NULL, NULL, NULL, '4DKV'),
(572, 'PPDBM1NGK2022052', NULL, 'SB', NULL, '3518114702070003', NULL, '0075438384', 'FELIYA TIRTA RIZKYAURELIA', 'foto_siswa/default.png', 'P', 'TANGERANG', '2022-02-07', 'MTSN 1 NGANJUK', '60728613', 'NGANJUK', 'Negeri', NULL, '1IPA', '2IPS', 'MTs', 'Islam', NULL, NULL, NULL, NULL, NULL, NULL, NULL, NULL, NULL, '085730614809', NULL, NULL, NULL, NULL, NULL, NULL, NULL, NULL, NULL, NULL, NULL, NULL, NULL, NULL, NULL, NULL, NULL, NULL, NULL, NULL, NULL, NULL, NULL, NULL, NULL, NULL, NULL, NULL, NULL, NULL, NULL, NULL, NULL, NULL, NULL, NULL, '', NULL, NULL, NULL, NULL, NULL, NULL, NULL, NULL, NULL, NULL, 0, 0, NULL, NULL, NULL, NULL, NULL, NULL, 1, 'feliyaurelia_07', NULL, NULL, NULL, NULL, NULL, NULL, NULL, '1TB'),
(573, 'PPDBM1NGK2022053', NULL, 'SB', NULL, '3518116505060001', NULL, '0079608529', 'Yolanda Nur Afiqotul Jannah ', 'foto_siswa/default.png', 'P', 'NGANJUK', '2006-05-25', 'MTSN 1 NGANJUK', '60728613', 'NGANJUK', 'Negeri', NULL, '2IPS', '1IPA', 'MTs', 'Islam', NULL, NULL, NULL, NULL, NULL, NULL, NULL, NULL, NULL, '085731433691', NULL, NULL, NULL, NULL, NULL, NULL, NULL, NULL, NULL, NULL, NULL, NULL, NULL, NULL, NULL, NULL, NULL, NULL, NULL, NULL, NULL, NULL, NULL, NULL, NULL, NULL, NULL, NULL, NULL, NULL, NULL, NULL, NULL, NULL, NULL, NULL, '', NULL, NULL, NULL, NULL, NULL, NULL, NULL, NULL, NULL, NULL, 0, 0, NULL, NULL, NULL, NULL, NULL, NULL, 1, 'yola', NULL, NULL, NULL, NULL, NULL, NULL, NULL, '1TB'),
(574, 'PPDBM1NGK2022054', NULL, 'SB', NULL, '3518176301070001', NULL, '0073539835', 'Nadia Latifatul Ulfiyah', 'foto_siswa/default.png', 'P', 'NGANJUK', '2007-01-23', 'MTSN 1 NGANJUK', '60728613', 'NGANJUK', 'Negeri', NULL, '2IPS', '1IPA', 'MTs', 'Islam', NULL, NULL, NULL, NULL, NULL, NULL, NULL, NULL, NULL, '081252478837', NULL, NULL, NULL, NULL, NULL, NULL, NULL, NULL, NULL, NULL, NULL, NULL, NULL, NULL, NULL, NULL, NULL, NULL, NULL, NULL, NULL, NULL, NULL, NULL, NULL, NULL, NULL, NULL, NULL, NULL, NULL, NULL, NULL, NULL, NULL, NULL, '', NULL, NULL, NULL, NULL, NULL, NULL, NULL, NULL, NULL, NULL, 0, 0, NULL, NULL, NULL, NULL, NULL, NULL, 1, '230107', NULL, NULL, NULL, NULL, NULL, NULL, NULL, '4DKV'),
(575, 'PPDBM1NGK2022055', NULL, 'SB', NULL, NULL, NULL, '0073901962', 'Adhisty Ilma Faradiba\'', 'foto_siswa/default.png', NULL, NULL, NULL, NULL, NULL, NULL, NULL, NULL, NULL, NULL, NULL, NULL, NULL, NULL, NULL, NULL, NULL, NULL, NULL, NULL, NULL, '089523587443', NULL, NULL, NULL, NULL, NULL, NULL, NULL, NULL, NULL, NULL, NULL, NULL, NULL, NULL, NULL, NULL, NULL, NULL, NULL, NULL, NULL, NULL, NULL, NULL, NULL, NULL, NULL, NULL, NULL, NULL, NULL, NULL, NULL, NULL, NULL, NULL, NULL, NULL, NULL, NULL, NULL, NULL, NULL, NULL, NULL, NULL, NULL, 0, 0, NULL, NULL, NULL, NULL, NULL, NULL, 1, 'dhisty687', NULL, NULL, NULL, NULL, NULL, NULL, NULL, NULL),
(576, 'PPDBM1NGK2022056', NULL, 'SB', NULL, '3518105710070001', NULL, '0079795432', 'Auliya Fathra Damayanti', 'foto_siswa/default.png', 'P', 'NGANJUK', '2007-10-17', 'MTSN 1 NGANJUK', '60728613', 'NGANJUK', 'Negeri', NULL, '2IPS', '4AGM', 'MTs', 'Islam', NULL, NULL, NULL, NULL, NULL, NULL, NULL, NULL, NULL, '085334977387', NULL, NULL, NULL, NULL, NULL, NULL, NULL, NULL, NULL, NULL, NULL, NULL, NULL, NULL, NULL, NULL, NULL, NULL, NULL, NULL, NULL, NULL, NULL, NULL, NULL, NULL, NULL, NULL, NULL, NULL, NULL, NULL, NULL, NULL, NULL, NULL, '', NULL, NULL, NULL, NULL, NULL, NULL, NULL, NULL, NULL, NULL, 0, 0, NULL, NULL, NULL, NULL, NULL, NULL, 1, 'uul1710', NULL, NULL, NULL, NULL, NULL, NULL, NULL, '1TB'),
(577, 'PPDBM1NGK2022057', NULL, 'SB', NULL, '3518101811060004', NULL, '0069734376', 'M. Zaiyan Nayif Al Allam', 'foto_siswa/foto_00697343761652509062.JPG', 'L', 'NGANJUK', '2006-11-18', 'MTS AL HIKMAH', '20581182', 'KEDIRI', 'Swasta', NULL, '1IPA', '2IPS', 'MTs', 'Islam', NULL, NULL, NULL, NULL, NULL, NULL, NULL, NULL, NULL, '082142402605', NULL, NULL, NULL, NULL, NULL, NULL, NULL, NULL, NULL, NULL, NULL, NULL, NULL, NULL, NULL, NULL, NULL, NULL, NULL, NULL, NULL, NULL, NULL, NULL, NULL, NULL, NULL, NULL, NULL, NULL, NULL, NULL, NULL, NULL, NULL, NULL, '', NULL, NULL, NULL, NULL, NULL, NULL, NULL, NULL, NULL, NULL, 0, 0, NULL, NULL, NULL, NULL, NULL, NULL, 1, 'muzana2006', NULL, NULL, NULL, NULL, NULL, NULL, NULL, '4DKV'),
(578, 'PPDBM1NGK2022058', NULL, 'SB', NULL, '3518112701070001', NULL, '0078985552', 'Rizqi Ihsan Maulana', 'foto_siswa/foto_00789855521652589874.jpg', 'L', 'NGANJUK', '2022-05-15', 'SMPN 3 TANJUNGANOM', '20538316', 'NGANJUK', 'Negeri', NULL, '1IPA', '4AGM', 'SMP', 'Islam', NULL, NULL, NULL, NULL, NULL, NULL, NULL, NULL, NULL, '082132756725', NULL, NULL, NULL, NULL, NULL, NULL, NULL, NULL, NULL, NULL, NULL, NULL, NULL, NULL, NULL, NULL, NULL, NULL, NULL, NULL, NULL, NULL, NULL, NULL, NULL, NULL, NULL, NULL, NULL, NULL, NULL, NULL, NULL, NULL, NULL, NULL, '', NULL, NULL, NULL, NULL, NULL, NULL, NULL, NULL, NULL, NULL, 0, 0, NULL, NULL, NULL, NULL, NULL, NULL, 1, 'rizqiihsan27', NULL, NULL, NULL, NULL, NULL, NULL, NULL, '4DKV'),
(579, 'PPDBM1NGK2022059', NULL, 'SB', NULL, '3517180608070001', NULL, '0074129313', 'M.shokhibul Mi\'roj ', 'foto_siswa/foto_00741293131653184875.jpg', 'L', 'JOMBANG ', '2007-06-08', 'MTS.ALHIKMAH', '20582292', 'JOMBANG ', 'Swasta', NULL, '4AGM', '4AGM', 'MTs', 'Islam', NULL, NULL, NULL, NULL, NULL, NULL, NULL, NULL, NULL, '081389345618', NULL, NULL, NULL, NULL, NULL, NULL, NULL, NULL, NULL, NULL, NULL, NULL, NULL, NULL, NULL, NULL, NULL, NULL, NULL, NULL, NULL, NULL, NULL, NULL, NULL, NULL, NULL, NULL, NULL, NULL, NULL, NULL, NULL, NULL, NULL, NULL, '', NULL, NULL, NULL, NULL, NULL, NULL, NULL, NULL, NULL, NULL, 0, 0, NULL, NULL, NULL, NULL, NULL, NULL, 1, 'Shokhibul35', NULL, NULL, NULL, NULL, NULL, NULL, NULL, '3TKR'),
(580, 'PPDBM1NGK2022060', NULL, 'PR', NULL, '3518052003070002', NULL, '0072209182', 'Moh.azwar Annas', 'foto_siswa/foto_00722091821652576063.jpg', 'L', 'NGANJUK', '2007-03-20', 'MTSN 1 NGANJUK', '6072861', 'NGANJUK', 'Negeri', NULL, '4AGM', '1IPA', 'MTs', 'Islam', NULL, NULL, NULL, NULL, NULL, NULL, NULL, NULL, NULL, '085230141375', NULL, NULL, NULL, NULL, NULL, NULL, NULL, NULL, NULL, NULL, NULL, NULL, NULL, NULL, NULL, NULL, NULL, NULL, NULL, NULL, NULL, NULL, NULL, NULL, NULL, NULL, NULL, NULL, NULL, NULL, NULL, NULL, NULL, NULL, NULL, NULL, '', NULL, NULL, NULL, NULL, NULL, NULL, NULL, NULL, NULL, NULL, 0, 1, NULL, NULL, NULL, NULL, NULL, NULL, 1, 'HONDATIGER', NULL, NULL, NULL, NULL, NULL, NULL, NULL, '4DKV'),
(581, 'PPDBM1NGK2022061', NULL, 'SB', NULL, NULL, NULL, '0068127381', 'Meia Riikhatul Jannah', 'foto_siswa/default.png', NULL, NULL, NULL, NULL, NULL, NULL, NULL, NULL, NULL, NULL, NULL, NULL, NULL, NULL, NULL, NULL, NULL, NULL, NULL, NULL, NULL, '081217162434', NULL, NULL, NULL, NULL, NULL, NULL, NULL, NULL, NULL, NULL, NULL, NULL, NULL, NULL, NULL, NULL, NULL, NULL, NULL, NULL, NULL, NULL, NULL, NULL, NULL, NULL, NULL, NULL, NULL, NULL, NULL, NULL, NULL, NULL, NULL, NULL, NULL, NULL, NULL, NULL, NULL, NULL, NULL, NULL, NULL, NULL, NULL, 0, 0, NULL, NULL, NULL, NULL, NULL, NULL, 1, 'sopanz%2a', NULL, NULL, NULL, NULL, NULL, NULL, NULL, NULL),
(582, 'PPDBM1NGK2022062', NULL, 'SB', NULL, NULL, NULL, '0068466316', 'Novy Fitriani Sholikhah', 'foto_siswa/default.png', NULL, NULL, NULL, NULL, NULL, NULL, NULL, NULL, NULL, NULL, NULL, NULL, NULL, NULL, NULL, NULL, NULL, NULL, NULL, NULL, NULL, '085806873703', NULL, NULL, NULL, NULL, NULL, NULL, NULL, NULL, NULL, NULL, NULL, NULL, NULL, NULL, NULL, NULL, NULL, NULL, NULL, NULL, NULL, NULL, NULL, NULL, NULL, NULL, NULL, NULL, NULL, NULL, NULL, NULL, NULL, NULL, NULL, NULL, NULL, NULL, NULL, NULL, NULL, NULL, NULL, NULL, NULL, NULL, NULL, 0, 0, NULL, NULL, NULL, NULL, NULL, NULL, 1, 'ilymkaka8', NULL, NULL, NULL, NULL, NULL, NULL, NULL, NULL),
(583, 'PPDBM1NGK2022063', NULL, 'SB', NULL, '3518105608060001', NULL, '0065863464', 'Alfina Faza Auliya', 'foto_siswa/foto_00658634641653189449.jpg', 'P', 'NGANJUK', '2006-08-16', 'MTSN 1 NGANJUK', '60728613', 'NGANJUK', 'Negeri', NULL, '1IPA', '2IPS', 'MTs', 'Islam', NULL, NULL, NULL, NULL, NULL, NULL, NULL, NULL, NULL, '085335509527', NULL, NULL, NULL, NULL, NULL, NULL, NULL, NULL, NULL, NULL, NULL, NULL, NULL, NULL, NULL, NULL, NULL, NULL, NULL, NULL, NULL, NULL, NULL, NULL, NULL, NULL, NULL, NULL, NULL, NULL, NULL, NULL, NULL, NULL, NULL, NULL, '', NULL, NULL, NULL, NULL, NULL, NULL, NULL, NULL, NULL, NULL, 0, 0, NULL, NULL, NULL, NULL, NULL, NULL, 1, 'alfina168', NULL, NULL, NULL, NULL, NULL, NULL, NULL, '4DKV'),
(584, 'PPDBM1NGK2022064', NULL, 'SB', NULL, NULL, NULL, '0066966705', 'Ahmad Baihaqi Ashab', 'foto_siswa/default.png', NULL, NULL, NULL, NULL, NULL, NULL, NULL, NULL, NULL, NULL, NULL, NULL, NULL, NULL, NULL, NULL, NULL, NULL, NULL, NULL, NULL, '089508647300', NULL, NULL, NULL, NULL, NULL, NULL, NULL, NULL, NULL, NULL, NULL, NULL, NULL, NULL, NULL, NULL, NULL, NULL, NULL, NULL, NULL, NULL, NULL, NULL, NULL, NULL, NULL, NULL, NULL, NULL, NULL, NULL, NULL, NULL, NULL, NULL, NULL, NULL, NULL, NULL, NULL, NULL, NULL, NULL, NULL, NULL, NULL, 0, 0, NULL, NULL, NULL, NULL, NULL, NULL, 1, 'suryalaya165', NULL, NULL, NULL, NULL, NULL, NULL, NULL, NULL),
(585, 'PPDBM1NGK2022065', NULL, 'SB', NULL, NULL, NULL, '0069667053', 'Ahmad Baihaqi Ashab', 'foto_siswa/default.png', NULL, NULL, NULL, NULL, NULL, NULL, NULL, NULL, NULL, NULL, NULL, NULL, NULL, NULL, NULL, NULL, NULL, NULL, NULL, NULL, NULL, '089508647300', NULL, NULL, NULL, NULL, NULL, NULL, NULL, NULL, NULL, NULL, NULL, NULL, NULL, NULL, NULL, NULL, NULL, NULL, NULL, NULL, NULL, NULL, NULL, NULL, NULL, NULL, NULL, NULL, NULL, NULL, NULL, NULL, NULL, NULL, NULL, NULL, NULL, NULL, NULL, NULL, NULL, NULL, NULL, NULL, NULL, NULL, NULL, 0, 0, NULL, NULL, NULL, NULL, NULL, NULL, 1, 'suryalaya165', NULL, NULL, NULL, NULL, NULL, NULL, NULL, NULL),
(586, 'PPDBM1NGK2022066', NULL, 'SB', NULL, NULL, NULL, '0061655679', 'Chabiba Shofia Rochma', 'foto_siswa/default.png', NULL, NULL, NULL, NULL, NULL, NULL, NULL, NULL, NULL, NULL, NULL, NULL, NULL, NULL, NULL, NULL, NULL, NULL, NULL, NULL, NULL, '089517253970', NULL, NULL, NULL, NULL, NULL, NULL, NULL, NULL, NULL, NULL, NULL, NULL, NULL, NULL, NULL, NULL, NULL, NULL, NULL, NULL, NULL, NULL, NULL, NULL, NULL, NULL, NULL, NULL, NULL, NULL, NULL, NULL, NULL, NULL, NULL, NULL, NULL, NULL, NULL, NULL, NULL, NULL, NULL, NULL, NULL, NULL, NULL, 0, 0, NULL, NULL, NULL, NULL, NULL, NULL, 1, 'chabiba123', NULL, NULL, NULL, NULL, NULL, NULL, NULL, NULL),
(587, 'PPDBM1NGK2022067', NULL, 'SB', NULL, NULL, NULL, '0062207568', 'Muhammad Fachruzzaman', 'foto_siswa/default.png', NULL, NULL, NULL, 'MADRASAH TSANAWIYAH NEGRI 1 NGANJUK', '60728613', 'NGANJUK', 'Negeri', NULL, NULL, NULL, 'MTs', NULL, NULL, NULL, NULL, NULL, NULL, NULL, NULL, NULL, NULL, '085158993226', NULL, NULL, NULL, NULL, NULL, NULL, NULL, NULL, NULL, NULL, NULL, NULL, NULL, NULL, NULL, NULL, NULL, NULL, NULL, NULL, NULL, NULL, NULL, NULL, NULL, NULL, NULL, NULL, NULL, NULL, NULL, NULL, NULL, NULL, NULL, NULL, '', NULL, NULL, NULL, NULL, NULL, NULL, NULL, NULL, NULL, NULL, 0, 0, NULL, NULL, NULL, NULL, NULL, NULL, 1, '03102006', NULL, NULL, NULL, NULL, NULL, NULL, NULL, NULL),
(588, 'PPDBM1NGK2022068', NULL, 'SB', NULL, '3518121503070001', NULL, '0078146654', 'Ahmad Fauzi', 'foto_siswa/foto_00781466541652757017.JPG', 'L', 'NGANJUK', '2007-03-15', 'MTSN 2 NGANJUK', '20582458', 'NGANJUK', 'Negeri', NULL, '1IPA', '2IPS', 'MTs', 'Islam', NULL, NULL, NULL, NULL, NULL, NULL, NULL, NULL, NULL, '085850050782', NULL, NULL, NULL, NULL, NULL, NULL, NULL, NULL, NULL, NULL, NULL, NULL, NULL, NULL, NULL, NULL, NULL, NULL, NULL, NULL, NULL, NULL, NULL, NULL, NULL, NULL, NULL, NULL, NULL, NULL, NULL, NULL, NULL, NULL, NULL, NULL, '', NULL, NULL, NULL, NULL, NULL, NULL, NULL, NULL, NULL, NULL, 0, 0, NULL, NULL, NULL, NULL, NULL, NULL, 1, '0plmnbvcxz', NULL, NULL, NULL, NULL, NULL, NULL, NULL, '4DKV'),
(589, 'PPDBM1NGK2022069', NULL, 'SB', NULL, '3518204304060002', NULL, '0065778315', 'Sutra Aghniak', 'foto_siswa/foto_00657783151652696209.jpeg', 'P', 'NGANJUK', '2003-04-03', 'SMPN 2 JATIKALEN', '20538310', 'NGANJUK', 'Negeri', NULL, '2IPS', '4AGM', 'SMP', 'Islam', NULL, NULL, NULL, NULL, NULL, NULL, NULL, NULL, NULL, '085334034149', NULL, NULL, NULL, NULL, NULL, NULL, NULL, NULL, NULL, NULL, NULL, NULL, NULL, NULL, NULL, NULL, NULL, NULL, NULL, NULL, NULL, NULL, NULL, NULL, NULL, NULL, NULL, NULL, NULL, NULL, NULL, NULL, NULL, NULL, NULL, NULL, '', NULL, NULL, NULL, NULL, NULL, NULL, NULL, NULL, NULL, NULL, 0, 0, NULL, NULL, NULL, NULL, NULL, NULL, 1, 'nganjuk123', NULL, NULL, NULL, NULL, NULL, NULL, NULL, '1TB');
INSERT INTO `daftar` (`id_daftar`, `no_daftar`, `email`, `jenis`, `nis`, `nik`, `no_kk`, `nisn`, `nama`, `foto`, `jenkel`, `tempat_lahir`, `tgl_lahir`, `asal_sekolah`, `npsn_sekolah`, `kab_sekolah`, `status_sekolah`, `kelas`, `jurusan1`, `jurusan2`, `jenjang_sekolah`, `agama`, `alamat`, `rt`, `rw`, `desa`, `kecamatan`, `kota`, `provinsi`, `kode_pos`, `transportasi`, `no_hp`, `anak_ke`, `saudara`, `tinggi`, `berat`, `status_keluarga`, `tinggal`, `jarak`, `waktu`, `nik_ayah`, `nama_ayah`, `tempat_ayah`, `tgl_lahir_ayah`, `status_ayah`, `pendidikan_ayah`, `pekerjaan_ayah`, `penghasilan_ayah`, `no_hp_ayah`, `nik_ibu`, `nama_ibu`, `tempat_ibu`, `tgl_lahir_ibu`, `status_ibu`, `pendidikan_ibu`, `pekerjaan_ibu`, `penghasilan_ibu`, `no_hp_ibu`, `nik_wali`, `nama_wali`, `tempat_wali`, `tahun_lahir_wali`, `pendidikan_wali`, `pekerjaan_wali`, `penghasilan_wali`, `no_hp_wali`, `no_ijazah`, `no_shun`, `no_ujian`, `no_kip`, `file_kip`, `file_kk`, `file_ijazah`, `file_akte`, `file_shun`, `tgl_keluar`, `alasan_keluar`, `surat_keluar`, `level`, `aktif`, `status`, `petugas_daftar`, `petugas_konfirmasi`, `tgl_daftar`, `tgl_konfirmasi`, `baju`, `bayar`, `online`, `password`, `status_kartu`, `jenis_kartu`, `no_kartu`, `file_kartu`, `tingkat_prestasi`, `peringkat_kelas`, `file_prestasi`, `keterampilan`) VALUES
(590, 'PPDBM1NGK2022070', NULL, 'SB', NULL, '11750', NULL, '0064047279', 'Muhammad Fikri Aditya Arrafi', 'foto_siswa/foto_00640472791652677196.jpg', 'L', 'SIDOARJO', '2006-12-28', 'MTSN 1 NGANJUK', '60728613', 'NGANJUK', 'Negeri', NULL, '4AGM', '1IPA', 'MTs', 'Islam', NULL, NULL, NULL, NULL, NULL, NULL, NULL, NULL, NULL, '085749797318', NULL, NULL, NULL, NULL, NULL, NULL, NULL, NULL, NULL, NULL, NULL, NULL, NULL, NULL, NULL, NULL, NULL, NULL, NULL, NULL, NULL, NULL, NULL, NULL, NULL, NULL, NULL, NULL, NULL, NULL, NULL, NULL, NULL, NULL, NULL, NULL, '', NULL, NULL, NULL, NULL, NULL, NULL, NULL, NULL, NULL, NULL, 0, 0, NULL, NULL, NULL, NULL, NULL, NULL, 1, 'kertosono', NULL, NULL, NULL, NULL, NULL, NULL, NULL, '3TKR'),
(591, 'PPDBM1NGK2022071', NULL, 'SB', NULL, '3518092608060001', NULL, '0068811528', 'M. Fauzan N. K', 'foto_siswa/foto_00688115281652679707.jpg', 'L', 'Bakalan rowomarto patianrowo nganjuk', '2006-08-26', 'MTSN 1 NGANJUK', '60728613', 'NGANJUK', 'Negeri', NULL, '2IPS', '3BB', 'MTs', 'Islam', NULL, NULL, NULL, NULL, NULL, NULL, NULL, NULL, NULL, '089697227968', NULL, NULL, NULL, NULL, NULL, NULL, NULL, NULL, NULL, NULL, NULL, NULL, NULL, NULL, NULL, NULL, NULL, NULL, NULL, NULL, NULL, NULL, NULL, NULL, NULL, NULL, NULL, NULL, NULL, NULL, NULL, NULL, NULL, NULL, NULL, NULL, '', NULL, NULL, NULL, NULL, NULL, NULL, NULL, NULL, NULL, NULL, 0, 0, NULL, NULL, NULL, NULL, NULL, NULL, 1, 'isekai98', NULL, NULL, NULL, NULL, NULL, NULL, NULL, '1TB'),
(592, 'PPDBM1NGK2022072', NULL, 'SB', NULL, NULL, NULL, '0075668150', 'Siti Barokah', 'foto_siswa/default.png', NULL, NULL, NULL, NULL, NULL, NULL, NULL, NULL, NULL, NULL, NULL, NULL, NULL, NULL, NULL, NULL, NULL, NULL, NULL, NULL, NULL, '085895859641', NULL, NULL, NULL, NULL, NULL, NULL, NULL, NULL, NULL, NULL, NULL, NULL, NULL, NULL, NULL, NULL, NULL, NULL, NULL, NULL, NULL, NULL, NULL, NULL, NULL, NULL, NULL, NULL, NULL, NULL, NULL, NULL, NULL, NULL, NULL, NULL, NULL, NULL, NULL, NULL, NULL, NULL, NULL, NULL, NULL, NULL, NULL, 0, 0, NULL, NULL, NULL, NULL, NULL, NULL, 1, 'jalurlangit', NULL, NULL, NULL, NULL, NULL, NULL, NULL, NULL),
(593, 'PPDBM1NGK2022073', NULL, 'PR', NULL, '3518105402070003', NULL, '0067038198', 'Tribiet Cindy Aminati', 'foto_siswa/foto_00670381981652797418.jpeg', 'P', 'NGANJUK ', '2007-02-14', 'SMP NEGERI 2 BARON', '0067038', 'NGANJUK', 'Negeri', NULL, '2IPS', '1IPA', 'SMP', 'Islam', NULL, NULL, NULL, NULL, NULL, NULL, NULL, NULL, NULL, '085156609884', NULL, NULL, NULL, NULL, NULL, NULL, NULL, NULL, NULL, NULL, NULL, NULL, NULL, NULL, NULL, NULL, NULL, NULL, NULL, NULL, NULL, NULL, NULL, NULL, NULL, NULL, NULL, NULL, NULL, NULL, NULL, NULL, NULL, NULL, NULL, NULL, '', NULL, NULL, NULL, NULL, NULL, NULL, NULL, NULL, NULL, NULL, 0, 1, NULL, NULL, NULL, NULL, NULL, NULL, 1, 'Tribiet2007', NULL, NULL, NULL, NULL, NULL, NULL, NULL, '2TC'),
(594, 'PPDBM1NGK2022074', NULL, 'TH', NULL, '3518104502070001', '3518102303040003', '0064734545', 'Farisa Aulya', 'foto_siswa/foto_00647345451652937215.jpg', 'P', 'NGANJUK', '2007-02-05', 'MTSN 2 NGANJUK', '2058245', 'NGANJUK', 'Negeri', NULL, '1IPA', '4AGM', 'MTs', 'Islam', 'JLN. ACHMAD YANI, KWAJON', '03', '04', 'SAMBIROTO', 'BARON', 'NGANJUK', 'JAWA TIMUR', '64394', 'Sepeda Motor', '089685345230', 1, 2, 155, 43, 'ANAK', 'Bersama Orang Tua', '6000', '15', '3518100802780001', 'SRI MULYANTO', 'KLATEN', '1978-02-08', NULL, 'SMA Sederajat', 'Karyawan Swasta', 'Rp. 500.000 s/d Rp. 999.000', '082132331349', '3518104804780011', 'SUPINNAH', 'NGANJUK', '1978-04-08', NULL, 'SMA Sederajat', 'Sudah Meninggal', 'Tidak Berpenghasilan', '', NULL, NULL, NULL, NULL, NULL, NULL, NULL, NULL, NULL, NULL, '22-13-13-2-0534-0012', NULL, NULL, 'berkas_kk/kk_00647345451653193886.jpg', 'ijazah_akta/ia_00647345451653218336.jpg', NULL, NULL, NULL, NULL, NULL, NULL, 0, 1, NULL, NULL, NULL, NULL, NULL, NULL, 1, 'farisa527', NULL, NULL, NULL, NULL, NULL, NULL, NULL, '6TB'),
(595, 'PPDBM1NGK2022075', NULL, 'SB', NULL, NULL, NULL, '0079461346', 'Siti Noer Fadila', 'foto_siswa/default.png', NULL, NULL, NULL, NULL, NULL, NULL, NULL, NULL, NULL, NULL, NULL, NULL, NULL, NULL, NULL, NULL, NULL, NULL, NULL, NULL, NULL, '085790851695', NULL, NULL, NULL, NULL, NULL, NULL, NULL, NULL, NULL, NULL, NULL, NULL, NULL, NULL, NULL, NULL, NULL, NULL, NULL, NULL, NULL, NULL, NULL, NULL, NULL, NULL, NULL, NULL, NULL, NULL, NULL, NULL, NULL, NULL, NULL, NULL, NULL, NULL, NULL, NULL, NULL, NULL, NULL, NULL, NULL, NULL, NULL, 0, 0, NULL, NULL, NULL, NULL, NULL, NULL, 0, '123456', NULL, NULL, NULL, NULL, NULL, NULL, NULL, NULL),
(596, 'PPDBM1NGK2022076', NULL, 'SB', NULL, NULL, NULL, '0078592676', 'Indria Intan Juliani', 'foto_siswa/default.png', NULL, NULL, NULL, NULL, NULL, NULL, NULL, NULL, NULL, NULL, NULL, NULL, NULL, NULL, NULL, NULL, NULL, NULL, NULL, NULL, NULL, '089603244257', NULL, NULL, NULL, NULL, NULL, NULL, NULL, NULL, NULL, NULL, NULL, NULL, NULL, NULL, NULL, NULL, NULL, NULL, NULL, NULL, NULL, NULL, NULL, NULL, NULL, NULL, NULL, NULL, NULL, NULL, NULL, NULL, NULL, NULL, NULL, NULL, NULL, NULL, NULL, NULL, NULL, NULL, NULL, NULL, NULL, NULL, NULL, 0, 0, NULL, NULL, NULL, NULL, NULL, NULL, 0, '12345', NULL, NULL, NULL, NULL, NULL, NULL, NULL, NULL),
(597, 'PPDBM1NGK2022077', NULL, 'TH', NULL, '3578045210060001', '3578040201083501', '0063692018', 'Neza Rahmatuka Putri Ramadhani', 'foto_siswa/foto_00636920181652794954.jpeg', 'P', 'SURABAYA ', '2006-10-22', 'MTSN 3 NGANJUK', '2058244', 'NGANJUK ', 'Negeri', NULL, '4AGM', '4AGM', 'MTs', 'Islam', 'JL KH ABDUL FATTAH NO 1-3', '002', '003', 'NGLAWAK', 'KERTOSONO', 'NGANJUK', 'JAWA TIMUR', '64314', 'Jalan Kaki', '087703244478', 1, 3, 150, 48, 'ANAK KANDUNG ', 'Mondok', '100', '10', '3578042104720006', 'MOCH ZAINUDDIN,S PD', 'SURABAYA', '1972-04-21', NULL, 'S1', 'Karyawan Swasta', 'Rp. 2jt s/d Rp. 4 jt', '087853276250', '3578045007780004', 'NIKMATUL MASRUROH', 'NGANJUK', '1978-07-10', NULL, 'S1', 'Guru', 'Rp. 500.000 s/d Rp. 999.000', '087703244478', NULL, NULL, NULL, NULL, NULL, NULL, NULL, NULL, NULL, NULL, '-', NULL, NULL, 'berkas_kk/kk_00636920181653268285.jpg', 'ijazah_akta/ia_00636920181653267272.jpg', NULL, NULL, NULL, NULL, NULL, NULL, 0, 1, NULL, NULL, NULL, NULL, NULL, NULL, 1, 'nikma@10', NULL, NULL, NULL, NULL, NULL, NULL, NULL, '1TB'),
(598, 'PPDBM1NGK2022078', NULL, 'SB', NULL, '9271015209060001', NULL, '0063283791', 'Triska Amalia Putri', 'foto_siswa/default.png', 'P', 'SORONG', '2006-08-12', 'MTS AL ISLAM', '60727513', 'NGANJUK', 'Swasta', NULL, '1IPA', '2IPS', 'MTs', 'Islam', NULL, NULL, NULL, NULL, NULL, NULL, NULL, NULL, NULL, '081331601713', NULL, NULL, NULL, NULL, NULL, NULL, NULL, NULL, NULL, NULL, NULL, NULL, NULL, NULL, NULL, NULL, NULL, NULL, NULL, NULL, NULL, NULL, NULL, NULL, NULL, NULL, NULL, NULL, NULL, NULL, NULL, NULL, NULL, NULL, NULL, NULL, '', NULL, NULL, NULL, NULL, NULL, NULL, NULL, NULL, NULL, NULL, 0, 0, NULL, NULL, NULL, NULL, NULL, NULL, 1, 'TRISKA12', NULL, NULL, NULL, NULL, NULL, NULL, NULL, '1TB'),
(599, 'PPDBM1NGK2022079', NULL, 'SB', NULL, '3618114910050002', NULL, '3052648953', 'Najwa Azizah ', 'foto_siswa/default.png', 'P', 'BENGKULU', '2005-10-09', 'MTS DARUSSALAM', '20582460', 'NGANJUK', 'Swasta', NULL, '2IPS', '4AGM', 'MTs', 'Islam', NULL, NULL, NULL, NULL, NULL, NULL, NULL, NULL, NULL, '08261216144054', NULL, NULL, NULL, NULL, NULL, NULL, NULL, NULL, NULL, NULL, NULL, NULL, NULL, NULL, NULL, NULL, NULL, NULL, NULL, NULL, NULL, NULL, NULL, NULL, NULL, NULL, NULL, NULL, NULL, NULL, NULL, NULL, NULL, NULL, NULL, NULL, '', NULL, NULL, NULL, NULL, NULL, NULL, NULL, NULL, NULL, NULL, 0, 0, NULL, NULL, NULL, NULL, NULL, NULL, 1, '1112222', NULL, NULL, NULL, NULL, NULL, NULL, NULL, '1TB'),
(600, 'PPDBM1NGK2022080', NULL, 'SB', NULL, '3518115404070004', NULL, '0077119554', 'Ervinaela Roudhotul Janah', 'foto_siswa/default.png', 'L', 'NGANJUK', '2022-05-17', 'MTSN 1 NGANJUK', '60728613', 'NGANJUK', 'Negeri', NULL, '2IPS', '2IPS', 'MTs', 'Islam', NULL, NULL, NULL, NULL, NULL, NULL, NULL, NULL, NULL, '085806924239', NULL, NULL, NULL, NULL, NULL, NULL, NULL, NULL, NULL, NULL, NULL, NULL, NULL, NULL, NULL, NULL, NULL, NULL, NULL, NULL, NULL, NULL, NULL, NULL, NULL, NULL, NULL, NULL, NULL, NULL, NULL, NULL, NULL, NULL, NULL, NULL, '', NULL, NULL, NULL, NULL, NULL, NULL, NULL, NULL, NULL, NULL, 0, 0, NULL, NULL, NULL, NULL, NULL, NULL, 1, 'naela140407', NULL, NULL, NULL, NULL, NULL, NULL, NULL, '2TC'),
(601, 'PPDBM1NGK2022081', NULL, 'SB', NULL, '3518192609020103', NULL, '0073899095', 'Pipit Dian Puspita', 'foto_siswa/default.png', 'P', 'NGANJUK', '2007-01-14', 'MTSN 1 NGANJUK', '60728613', 'NGANJUK', 'Negeri', NULL, '4AGM', '4AGM', 'MTs', 'Islam', NULL, NULL, NULL, NULL, NULL, NULL, NULL, NULL, NULL, '082135060281', NULL, NULL, NULL, NULL, NULL, NULL, NULL, NULL, NULL, NULL, NULL, NULL, NULL, NULL, NULL, NULL, NULL, NULL, NULL, NULL, NULL, NULL, NULL, NULL, NULL, NULL, NULL, NULL, NULL, NULL, NULL, NULL, NULL, NULL, NULL, NULL, '', NULL, NULL, NULL, NULL, NULL, NULL, NULL, NULL, NULL, NULL, 0, 0, NULL, NULL, NULL, NULL, NULL, NULL, 1, 'Eaaagamon', NULL, NULL, NULL, NULL, NULL, NULL, NULL, '6TB'),
(602, 'PPDBM1NGK2022082', NULL, 'SB', NULL, '3518116609070003', NULL, '0071464343', 'Aulia Friska Ramadhani Putri ', 'foto_siswa/foto_00714643431652770305.jpg', 'P', 'MASOHI', '2007-09-26', 'PONDOK MODERN DARUL IHSAN PAYAMAN NGANJUK', '20582429', 'NGANJUK', 'Swasta', NULL, '1IPA', '1IPA', 'MTs', 'Islam', NULL, NULL, NULL, NULL, NULL, NULL, NULL, NULL, NULL, '082132338850', NULL, NULL, NULL, NULL, NULL, NULL, NULL, NULL, NULL, NULL, NULL, NULL, NULL, NULL, NULL, NULL, NULL, NULL, NULL, NULL, NULL, NULL, NULL, NULL, NULL, NULL, NULL, NULL, NULL, NULL, NULL, NULL, NULL, NULL, NULL, NULL, '', NULL, NULL, NULL, NULL, NULL, NULL, NULL, NULL, NULL, NULL, 0, 0, NULL, NULL, NULL, NULL, NULL, NULL, 1, '123456', NULL, NULL, NULL, NULL, NULL, NULL, NULL, '1TB'),
(603, 'PPDBM1NGK2022083', NULL, 'SB', NULL, '3518015407060002', NULL, '0066741907', 'Yusiana Devita Sari ', 'foto_siswa/default.png', 'P', 'NGANJUK', '2006-07-14', 'MTSN 1NGANJUK', '60728613', 'NGANJUK', 'Negeri', NULL, '1IPA', '1IPA', 'MTs', 'Islam', NULL, NULL, NULL, NULL, NULL, NULL, NULL, NULL, NULL, '082339754753', NULL, NULL, NULL, NULL, NULL, NULL, NULL, NULL, NULL, NULL, NULL, NULL, NULL, NULL, NULL, NULL, NULL, NULL, NULL, NULL, NULL, NULL, NULL, NULL, NULL, NULL, NULL, NULL, NULL, NULL, NULL, NULL, NULL, NULL, NULL, NULL, '', NULL, NULL, NULL, NULL, NULL, NULL, NULL, NULL, NULL, NULL, 0, 0, NULL, NULL, NULL, NULL, NULL, NULL, 1, 'Yusiana devita', NULL, NULL, NULL, NULL, NULL, NULL, NULL, '4DKV'),
(604, 'PPDBM1NGK2022084', NULL, 'SB', NULL, '3518105010060003', NULL, '0069986248', 'Renata Oktariva', 'foto_siswa/foto_00699862481652777580.jpg', 'P', 'NGANJUK', '2006-10-10', 'MTS AL-KHOIRIYAH', '20582418', 'NGANJUK', 'Swasta', NULL, '1IPA', '4AGM', 'MTs', 'Islam', NULL, NULL, NULL, NULL, NULL, NULL, NULL, NULL, NULL, '085523622723', NULL, NULL, NULL, NULL, NULL, NULL, NULL, NULL, NULL, NULL, NULL, NULL, NULL, NULL, NULL, NULL, NULL, NULL, NULL, NULL, NULL, NULL, NULL, NULL, NULL, NULL, NULL, NULL, NULL, NULL, NULL, NULL, NULL, NULL, NULL, NULL, '', NULL, NULL, NULL, NULL, NULL, NULL, NULL, NULL, NULL, NULL, 0, 0, NULL, NULL, NULL, NULL, NULL, NULL, 1, 'oktrvrnx', NULL, NULL, NULL, NULL, NULL, NULL, NULL, '4DKV'),
(605, 'PPDBM1NGK2022085', NULL, 'PR', NULL, NULL, NULL, '0078990484', 'Mahfudz Firmansya ', 'foto_siswa/default.png', NULL, NULL, NULL, NULL, NULL, NULL, NULL, NULL, NULL, NULL, NULL, NULL, NULL, NULL, NULL, NULL, NULL, NULL, NULL, NULL, NULL, '085733117874', NULL, NULL, NULL, NULL, NULL, NULL, NULL, NULL, NULL, NULL, NULL, NULL, NULL, NULL, NULL, NULL, NULL, NULL, NULL, NULL, NULL, NULL, NULL, NULL, NULL, NULL, NULL, NULL, NULL, NULL, NULL, NULL, NULL, NULL, NULL, NULL, NULL, NULL, NULL, NULL, NULL, NULL, NULL, NULL, NULL, NULL, NULL, 0, 1, NULL, NULL, NULL, NULL, NULL, NULL, 1, '10052007RA', NULL, NULL, NULL, NULL, NULL, NULL, NULL, NULL),
(606, 'PPDBM1NGK2022086', NULL, 'SB', NULL, '3518061008070002', NULL, '0071355179', 'QODISHTHAFA AKHSIN AN-NAUVAL', 'foto_siswa/foto_00713551791652943196.jpg', 'L', 'NGANJUK', '2007-08-10', 'MTSN 3 NGANJUK', '20582445', 'NGANJUK', 'Negeri', NULL, '1IPA', '2IPS', 'MTs', 'Islam', NULL, NULL, NULL, NULL, NULL, NULL, NULL, NULL, NULL, '081515865114', NULL, NULL, NULL, NULL, NULL, NULL, NULL, NULL, NULL, NULL, NULL, NULL, NULL, NULL, NULL, NULL, NULL, NULL, NULL, NULL, NULL, NULL, NULL, NULL, NULL, NULL, NULL, NULL, NULL, NULL, NULL, NULL, NULL, NULL, NULL, NULL, '', NULL, NULL, NULL, NULL, NULL, NULL, NULL, NULL, NULL, NULL, 0, 0, NULL, NULL, NULL, NULL, NULL, NULL, 1, 'nothing321', NULL, NULL, NULL, NULL, NULL, NULL, NULL, '4DKV'),
(607, 'PPDBM1NGK2022087', NULL, 'SB', NULL, '3518206105060001', NULL, '0063815394', 'Mey Linda Tri Avanti', 'foto_siswa/foto_00638153941652788152.png', 'P', 'NGANJUK', '2006-05-21', 'MTSS PANCA MURNI', '60727505', 'NGANJUK', 'Swasta', NULL, '2IPS', '3BB', 'MTs', 'Islam', NULL, NULL, NULL, NULL, NULL, NULL, NULL, NULL, NULL, '082233672752', NULL, NULL, NULL, NULL, NULL, NULL, NULL, NULL, NULL, NULL, NULL, NULL, NULL, NULL, NULL, NULL, NULL, NULL, NULL, NULL, NULL, NULL, NULL, NULL, NULL, NULL, NULL, NULL, NULL, NULL, NULL, NULL, NULL, NULL, NULL, NULL, '', NULL, NULL, NULL, NULL, NULL, NULL, NULL, NULL, NULL, NULL, 0, 0, NULL, NULL, NULL, NULL, NULL, NULL, 1, 'LINDA06', NULL, NULL, NULL, NULL, NULL, NULL, NULL, '5KB'),
(608, 'PPDBM1NGK2022088', NULL, 'SB', NULL, '3518206207060003', NULL, '0065904347', 'Fika Amiliya', 'foto_siswa/default.png', 'P', 'NGANJUK', '2006-07-22', 'MTS PANCA MURNI', '60727505', 'NGANJUK', 'Swasta', NULL, '4AGM', '3BB', 'MTs', 'Islam', NULL, NULL, NULL, NULL, NULL, NULL, NULL, NULL, NULL, '081943332690', NULL, NULL, NULL, NULL, NULL, NULL, NULL, NULL, NULL, NULL, NULL, NULL, NULL, NULL, NULL, NULL, NULL, NULL, NULL, NULL, NULL, NULL, NULL, NULL, NULL, NULL, NULL, NULL, NULL, NULL, NULL, NULL, NULL, NULL, NULL, NULL, '', NULL, NULL, NULL, NULL, NULL, NULL, NULL, NULL, NULL, NULL, 0, 0, NULL, NULL, NULL, NULL, NULL, NULL, 1, 'JATIKALEN00', NULL, NULL, NULL, NULL, NULL, NULL, NULL, '5KB'),
(609, 'PPDBM1NGK2022089', NULL, 'SB', NULL, '3518206607060001', NULL, '0066975540', 'Gita Dwi Arum Sari', 'foto_siswa/default.png', 'P', 'NGANJUK', '2006-07-26', 'SMP NEGERI 2 JATIKALEN', '20538310', 'NGANJUK', 'Negeri', NULL, '4AGM', '3BB', 'SMP', 'Islam', NULL, NULL, NULL, NULL, NULL, NULL, NULL, NULL, NULL, '085648809399', NULL, NULL, NULL, NULL, NULL, NULL, NULL, NULL, NULL, NULL, NULL, NULL, NULL, NULL, NULL, NULL, NULL, NULL, NULL, NULL, NULL, NULL, NULL, NULL, NULL, NULL, NULL, NULL, NULL, NULL, NULL, NULL, NULL, NULL, NULL, NULL, '', NULL, NULL, NULL, NULL, NULL, NULL, NULL, NULL, NULL, NULL, 0, 0, NULL, NULL, NULL, NULL, NULL, NULL, 1, '222JATIKALEN', NULL, NULL, NULL, NULL, NULL, NULL, NULL, '6TB'),
(610, 'PPDBM1NGK2022090', NULL, 'SB', NULL, '3518206707060001', NULL, '0062264119', 'Ria Ambarwati', 'foto_siswa/default.png', 'P', 'NGANJUK ', '2022-05-17', 'MTS PANCA MURNI ', '60727505', 'NGANJUK ', 'Negeri', NULL, '4AGM', '2IPS', 'MTs', 'Islam', NULL, NULL, NULL, NULL, NULL, NULL, NULL, NULL, NULL, '085733070853', NULL, NULL, NULL, NULL, NULL, NULL, NULL, NULL, NULL, NULL, NULL, NULL, NULL, NULL, NULL, NULL, NULL, NULL, NULL, NULL, NULL, NULL, NULL, NULL, NULL, NULL, NULL, NULL, NULL, NULL, NULL, NULL, NULL, NULL, NULL, NULL, '', NULL, NULL, NULL, NULL, NULL, NULL, NULL, NULL, NULL, NULL, 0, 0, NULL, NULL, NULL, NULL, NULL, NULL, 1, 'nganjuk27', NULL, NULL, NULL, NULL, NULL, NULL, NULL, '1TB'),
(611, 'PPDBM1NGK2022091', NULL, 'SB', NULL, '3518202211060001', NULL, '0063824513', 'Nur Hasan Abi Jadid N.', 'foto_siswa/default.png', 'L', 'NGANJUK', '2006-11-22', 'SMP NEGERI 2 JATIKALEN', '20538310', 'NGANJUK', 'Negeri', NULL, '2IPS', '3BB', 'SMP', 'Islam', NULL, NULL, NULL, NULL, NULL, NULL, NULL, NULL, NULL, '085706697241', NULL, NULL, NULL, NULL, NULL, NULL, NULL, NULL, NULL, NULL, NULL, NULL, NULL, NULL, NULL, NULL, NULL, NULL, NULL, NULL, NULL, NULL, NULL, NULL, NULL, NULL, NULL, NULL, NULL, NULL, NULL, NULL, NULL, NULL, NULL, NULL, '', NULL, NULL, NULL, NULL, NULL, NULL, NULL, NULL, NULL, NULL, 0, 0, NULL, NULL, NULL, NULL, NULL, NULL, 1, 'HASAN987654321', NULL, NULL, NULL, NULL, NULL, NULL, NULL, '3TKR'),
(612, 'PPDBM1NGK2022092', NULL, 'TH', NULL, NULL, NULL, '0061577551', 'Najmia Risalatul Umami', 'foto_siswa/default.png', NULL, NULL, NULL, NULL, NULL, NULL, NULL, NULL, NULL, NULL, NULL, NULL, NULL, NULL, NULL, NULL, NULL, NULL, NULL, NULL, NULL, '085856423906', NULL, NULL, NULL, NULL, NULL, NULL, NULL, NULL, NULL, NULL, NULL, NULL, NULL, NULL, NULL, NULL, NULL, NULL, NULL, NULL, NULL, NULL, NULL, NULL, NULL, NULL, NULL, NULL, NULL, NULL, NULL, NULL, NULL, NULL, NULL, NULL, NULL, NULL, NULL, NULL, NULL, NULL, NULL, NULL, NULL, NULL, NULL, 0, 1, NULL, NULL, NULL, NULL, NULL, NULL, 0, 'fullsenyum', NULL, NULL, NULL, NULL, NULL, NULL, NULL, NULL),
(613, 'PPDBM1NGK2022093', NULL, 'PR', NULL, '3518084109070002', NULL, '0076622438', 'Kayla Fennisa Azarine', 'foto_siswa/foto_00766224381652942139.jpg', 'P', 'NGANJUK', '2007-09-01', 'SMP BAITUL IZZAH NGANJUK', '2055723', 'NGANJUK', 'Swasta', NULL, '1IPA', '1IPA', 'SMP', 'Islam', NULL, NULL, NULL, NULL, NULL, NULL, NULL, NULL, NULL, '081332076242', NULL, NULL, NULL, NULL, NULL, NULL, NULL, NULL, NULL, NULL, NULL, NULL, NULL, NULL, NULL, NULL, NULL, NULL, NULL, NULL, NULL, NULL, NULL, NULL, NULL, NULL, NULL, NULL, NULL, NULL, NULL, NULL, NULL, NULL, NULL, NULL, '', NULL, NULL, NULL, NULL, NULL, NULL, NULL, NULL, NULL, NULL, 0, 1, NULL, NULL, NULL, NULL, NULL, NULL, 1, '123456', NULL, NULL, NULL, NULL, NULL, NULL, NULL, '1TB'),
(614, 'PPDBM1NGK2022094', NULL, 'SB', NULL, '3518100306060003', NULL, '0067208677', 'M.iffat Javier', 'foto_siswa/foto_00672086771652924469.jpg', 'L', 'NGANJUK', '2006-06-03', 'MADRASAH TSANAWIYAH NEGRI 4 NGANJUK', '6072750', 'NGANJUK', 'Negeri', NULL, '1IPA', '4AGM', 'MTs', 'Islam', NULL, NULL, NULL, NULL, NULL, NULL, NULL, NULL, NULL, '082232393350', NULL, NULL, NULL, NULL, NULL, NULL, NULL, NULL, NULL, NULL, NULL, NULL, NULL, NULL, NULL, NULL, NULL, NULL, NULL, NULL, NULL, NULL, NULL, NULL, NULL, NULL, NULL, NULL, NULL, NULL, NULL, NULL, NULL, NULL, NULL, NULL, '', NULL, NULL, NULL, NULL, NULL, NULL, NULL, NULL, NULL, NULL, 0, 0, NULL, NULL, NULL, NULL, NULL, NULL, 1, 'javir123', NULL, NULL, NULL, NULL, NULL, NULL, NULL, '4DKV'),
(615, 'PPDBM1NGK2022095', NULL, 'PR', NULL, '3506255202070002', NULL, '0078811172', 'Sinta Nayly Hidayah', 'foto_siswa/foto_00788111721652861745.jpg', 'P', 'KEDIRI', '2007-02-12', 'MTSN 8 KEDIRI', '2058116', 'KEDIRI', 'Negeri', NULL, '4AGM', '2IPS', 'MTs', 'Islam', NULL, NULL, NULL, NULL, NULL, NULL, NULL, NULL, NULL, '085731543176', NULL, NULL, NULL, NULL, NULL, NULL, NULL, NULL, NULL, NULL, NULL, NULL, NULL, NULL, NULL, NULL, NULL, NULL, NULL, NULL, NULL, NULL, NULL, NULL, NULL, NULL, NULL, NULL, NULL, NULL, NULL, NULL, NULL, NULL, NULL, NULL, '21345', NULL, NULL, NULL, NULL, NULL, NULL, NULL, NULL, NULL, NULL, 0, 1, NULL, NULL, NULL, NULL, NULL, NULL, 1, '131313', NULL, NULL, NULL, NULL, NULL, NULL, NULL, '6TB'),
(616, 'PPDBM1NGK2022096', NULL, 'SB', NULL, '3518100102070001', NULL, '0071429272', 'M. Nauval Al Vawaz', 'foto_siswa/foto_00714292721652926938.JPG', 'L', 'Nganjuk', '2007-02-01', 'MTSN 4 NGANJUK', '60727501', 'NGANJUK', 'Negeri', NULL, '1IPA', '4AGM', 'MTs', 'Islam', NULL, NULL, NULL, NULL, NULL, NULL, NULL, NULL, NULL, '082142570534', NULL, NULL, NULL, NULL, NULL, NULL, NULL, NULL, NULL, NULL, NULL, NULL, NULL, NULL, NULL, NULL, NULL, NULL, NULL, NULL, NULL, NULL, NULL, NULL, NULL, NULL, NULL, NULL, NULL, NULL, NULL, NULL, NULL, NULL, NULL, NULL, '', NULL, NULL, NULL, NULL, NULL, NULL, NULL, NULL, NULL, NULL, 0, 0, NULL, NULL, NULL, NULL, NULL, NULL, 1, 'novalgantengaja', NULL, NULL, NULL, NULL, NULL, NULL, NULL, '4DKV'),
(617, 'PPDBM1NGK2022097', NULL, 'PR', NULL, '3518075406060005', '3518070909020234', '0066660454', 'Adinda Nailatuz Zahra', 'foto_siswa/default.png', 'P', 'NGANJUK', '2006-06-14', 'MTSN 3 NGANJUK', '2058244', 'NGANJUK', 'Negeri', NULL, '1IPA', '2IPS', 'MTs', 'Islam', 'DSN, JABON DESA, TANJUNG KALANG KEC, NGRONGGOT KAB, NGANJUK ', '002', '011', 'TANJUNG KALANG', 'NGRONGGOT', 'NGANJUK', 'JAWA TIMUR', '64395', 'Sepeda Motor', '085733537018', 2, 2, 160, 48, 'ANAK', 'Bersama Orang Tua', '40', '45', '3518072704700001', 'IMAM SYAFII', 'NGANJUK', '1970-04-27', NULL, 'SMA Sederajat', 'Buruh', 'Rp. 500.000 s/d Rp. 999.000', '+62 856-4806-', '3518074206710001', 'ROBIATUL ADAWIYAH', 'KEDIRI', '1971-06-02', NULL, 'SMA Sederajat', 'Tidak Bekerja', 'Rp. 500.000 s/d Rp. 999.000', '+62 856-3162-', NULL, NULL, NULL, NULL, NULL, NULL, NULL, NULL, NULL, NULL, '22-13-13-2-0519-0127', NULL, NULL, 'berkas_kk/kk_00666604541653267604.jpg', 'ijazah_akta/ia_00666604541653266906.jpg', NULL, NULL, NULL, NULL, NULL, NULL, 0, 1, NULL, NULL, NULL, NULL, NULL, NULL, 1, '14062006', NULL, NULL, NULL, NULL, NULL, NULL, NULL, '4DKV'),
(618, 'PPDBM1NGK2022098', NULL, 'SB', NULL, '3518134307070001', NULL, '0077262151', 'Dwi Rahayu Purboningsih', 'foto_siswa/default.png', 'P', 'NGANJUK', '2007-06-03', 'MTSN 1 NGANJUK', '60728613', 'NGANJUK', 'Negeri', NULL, '1IPA', '1IPA', 'MTs', 'Islam', NULL, NULL, NULL, NULL, NULL, NULL, NULL, NULL, NULL, '085808439597', NULL, NULL, NULL, NULL, NULL, NULL, NULL, NULL, NULL, NULL, NULL, NULL, NULL, NULL, NULL, NULL, NULL, NULL, NULL, NULL, NULL, NULL, NULL, NULL, NULL, NULL, NULL, NULL, NULL, NULL, NULL, NULL, NULL, NULL, NULL, NULL, '', NULL, NULL, NULL, NULL, NULL, NULL, NULL, NULL, NULL, NULL, 0, 0, NULL, NULL, NULL, NULL, NULL, NULL, 1, 'sayadekayu', NULL, NULL, NULL, NULL, NULL, NULL, NULL, '2TC'),
(619, 'PPDBM1NGK2022099', NULL, 'SB', NULL, '3518186601070001', NULL, '0078845076', 'Sazlyn Dwi Nur Fara Fauzana', 'foto_siswa/default.png', 'P', 'NGANJUK', '2006-01-26', 'MTSN 1 NGANJUK', '6072', 'NGANJUK', 'Negeri', NULL, '4AGM', '2IPS', 'MTs', 'Islam', NULL, NULL, NULL, NULL, NULL, NULL, NULL, NULL, NULL, '081336508191', NULL, NULL, NULL, NULL, NULL, NULL, NULL, NULL, NULL, NULL, NULL, NULL, NULL, NULL, NULL, NULL, NULL, NULL, NULL, NULL, NULL, NULL, NULL, NULL, NULL, NULL, NULL, NULL, NULL, NULL, NULL, NULL, NULL, NULL, NULL, NULL, '', NULL, NULL, NULL, NULL, NULL, NULL, NULL, NULL, NULL, NULL, 0, 0, NULL, NULL, NULL, NULL, NULL, NULL, 1, 'rafara', NULL, NULL, NULL, NULL, NULL, NULL, NULL, '6TB'),
(620, 'PPDBM1NGK2022100', NULL, 'SB', NULL, '3518187110060001', NULL, '0069062941', 'Rieza Khusnul Kholifah', 'foto_siswa/default.png', 'P', 'NGANJUK', '2006-10-31', 'MTS NEGERI 1 NGANJUK', '60728613', 'NGANJUK', 'Negeri', NULL, '2IPS', '1IPA', 'MTs', 'Islam', NULL, NULL, NULL, NULL, NULL, NULL, NULL, NULL, NULL, '081334919807', NULL, NULL, NULL, NULL, NULL, NULL, NULL, NULL, NULL, NULL, NULL, NULL, NULL, NULL, NULL, NULL, NULL, NULL, NULL, NULL, NULL, NULL, NULL, NULL, NULL, NULL, NULL, NULL, NULL, NULL, NULL, NULL, NULL, NULL, NULL, NULL, '', NULL, NULL, NULL, NULL, NULL, NULL, NULL, NULL, NULL, NULL, 0, 0, NULL, NULL, NULL, NULL, NULL, NULL, 1, '311006', NULL, NULL, NULL, NULL, NULL, NULL, NULL, '2TC'),
(621, 'PPDBM1NGK2022101', NULL, 'SB', NULL, '3518185011060002', NULL, '0069589759', 'Aditiya Sasalna Dewi', 'foto_siswa/default.png', 'P', 'TUBAN', '2006-11-10', 'MTSN 1 NGANJUK ', '60728613', 'NGANJUK ', 'Negeri', NULL, '1IPA', '2IPS', 'MTs', 'Islam', NULL, NULL, NULL, NULL, NULL, NULL, NULL, NULL, NULL, '082245655376', NULL, NULL, NULL, NULL, NULL, NULL, NULL, NULL, NULL, NULL, NULL, NULL, NULL, NULL, NULL, NULL, NULL, NULL, NULL, NULL, NULL, NULL, NULL, NULL, NULL, NULL, NULL, NULL, NULL, NULL, NULL, NULL, NULL, NULL, NULL, NULL, '', NULL, NULL, NULL, NULL, NULL, NULL, NULL, NULL, NULL, NULL, 0, 0, NULL, NULL, NULL, NULL, NULL, NULL, 1, 'aditiyasasalna', NULL, NULL, NULL, NULL, NULL, NULL, NULL, '2TC'),
(622, 'PPDBM1NGK2022102', NULL, 'SB', NULL, '3518105210060002', NULL, '0065612011', 'Mufidhatun Naila Faturrohmi', 'foto_siswa/default.png', 'P', 'NGANJUK', '2006-10-12', 'MTSN 1 NGANJUK', '60728613', 'NGANJUK', 'Negeri', NULL, '1IPA', '2IPS', 'MTs', 'Islam', NULL, NULL, NULL, NULL, NULL, NULL, NULL, NULL, NULL, '081357988725', NULL, NULL, NULL, NULL, NULL, NULL, NULL, NULL, NULL, NULL, NULL, NULL, NULL, NULL, NULL, NULL, NULL, NULL, NULL, NULL, NULL, NULL, NULL, NULL, NULL, NULL, NULL, NULL, NULL, NULL, NULL, NULL, NULL, NULL, NULL, NULL, '', NULL, NULL, NULL, NULL, NULL, NULL, NULL, NULL, NULL, NULL, 0, 0, NULL, NULL, NULL, NULL, NULL, NULL, 1, '121006', NULL, NULL, NULL, NULL, NULL, NULL, NULL, '2TC'),
(623, 'PPDBM1NGK2022103', NULL, 'SB', NULL, '3518184305060001', NULL, '0067716074', 'Mila Duwi Safana', 'foto_siswa/default.png', 'P', 'NGANJUK', '2006-05-03', 'MTSN 1 NGANJUK', '60728613', 'NGANJUK', 'Negeri', NULL, '1IPA', '4AGM', 'MTs', 'Islam', NULL, NULL, NULL, NULL, NULL, NULL, NULL, NULL, NULL, '082257289716', NULL, NULL, NULL, NULL, NULL, NULL, NULL, NULL, NULL, NULL, NULL, NULL, NULL, NULL, NULL, NULL, NULL, NULL, NULL, NULL, NULL, NULL, NULL, NULL, NULL, NULL, NULL, NULL, NULL, NULL, NULL, NULL, NULL, NULL, NULL, NULL, '', NULL, NULL, NULL, NULL, NULL, NULL, NULL, NULL, NULL, NULL, 0, 0, NULL, NULL, NULL, NULL, NULL, NULL, 1, '030526', NULL, NULL, NULL, NULL, NULL, NULL, NULL, '2TC'),
(624, 'PPDBM1NGK2022104', NULL, 'SB', NULL, '3518115912060001', NULL, '0063182245', 'Zulfa Siti Nur Laili', 'foto_siswa/default.png', 'P', 'NGANJUK', '2006-12-19', 'MTSN 1 NGANJUK', '60728613', 'NGANJUK', 'Negeri', NULL, '1IPA', '1IPA', 'MTs', 'Islam', NULL, NULL, NULL, NULL, NULL, NULL, NULL, NULL, NULL, '082228853316', NULL, NULL, NULL, NULL, NULL, NULL, NULL, NULL, NULL, NULL, NULL, NULL, NULL, NULL, NULL, NULL, NULL, NULL, NULL, NULL, NULL, NULL, NULL, NULL, NULL, NULL, NULL, NULL, NULL, NULL, NULL, NULL, NULL, NULL, NULL, NULL, '', NULL, NULL, NULL, NULL, NULL, NULL, NULL, NULL, NULL, NULL, 0, 0, NULL, NULL, NULL, NULL, NULL, NULL, 1, '19122006', NULL, NULL, NULL, NULL, NULL, NULL, NULL, '6TB'),
(625, 'PPDBM1NGK2022105', NULL, 'SB', NULL, '3518105403070001', NULL, '0077671205', 'Ulfa Nazariya Arifin ', 'foto_siswa/default.png', 'P', 'NGANJUK ', '2007-03-14', 'MTSN 1 NGANJUK ', '60728613', 'NGANJUK ', 'Negeri', NULL, '3BB', '4AGM', 'MTs', 'Islam', NULL, NULL, NULL, NULL, NULL, NULL, NULL, NULL, NULL, '081233528259', NULL, NULL, NULL, NULL, NULL, NULL, NULL, NULL, NULL, NULL, NULL, NULL, NULL, NULL, NULL, NULL, NULL, NULL, NULL, NULL, NULL, NULL, NULL, NULL, NULL, NULL, NULL, NULL, NULL, NULL, NULL, NULL, NULL, NULL, NULL, NULL, '', NULL, NULL, NULL, NULL, NULL, NULL, NULL, NULL, NULL, NULL, 0, 0, NULL, NULL, NULL, NULL, NULL, NULL, 1, '140307', NULL, NULL, NULL, NULL, NULL, NULL, NULL, '2TC'),
(626, 'PPDBM1NGK2022106', NULL, 'SB', NULL, '3518175810060004', NULL, '0068233254', 'BINTI ROSYIDATUL LUTFIYAH ', 'foto_siswa/default.png', 'P', 'NGANJUK', '2006-10-18', 'MTSN 1 NGANJUK', '60728613', 'NGANJUK', 'Negeri', NULL, '1IPA', '1IPA', 'MTs', 'Islam', NULL, NULL, NULL, NULL, NULL, NULL, NULL, NULL, NULL, '087870731754', NULL, NULL, NULL, NULL, NULL, NULL, NULL, NULL, NULL, NULL, NULL, NULL, NULL, NULL, NULL, NULL, NULL, NULL, NULL, NULL, NULL, NULL, NULL, NULL, NULL, NULL, NULL, NULL, NULL, NULL, NULL, NULL, NULL, NULL, NULL, NULL, '', NULL, NULL, NULL, NULL, NULL, NULL, NULL, NULL, NULL, NULL, 0, 0, NULL, NULL, NULL, NULL, NULL, NULL, 1, 'lutfiyah', NULL, NULL, NULL, NULL, NULL, NULL, NULL, '6TB'),
(627, 'PPDBM1NGK2022107', NULL, 'SB', NULL, '355186007070004', NULL, '0075968722', 'Dewi Shofiyatuz Zahroh', 'foto_siswa/default.png', 'P', 'SIDOARJO', '2007-07-20', 'MTSN 1 NGANJUK', '60728613', 'NGANJUK', 'Negeri', NULL, '2IPS', '4AGM', 'MTs', 'Islam', NULL, NULL, NULL, NULL, NULL, NULL, NULL, NULL, NULL, '082139255494', NULL, NULL, NULL, NULL, NULL, NULL, NULL, NULL, NULL, NULL, NULL, NULL, NULL, NULL, NULL, NULL, NULL, NULL, NULL, NULL, NULL, NULL, NULL, NULL, NULL, NULL, NULL, NULL, NULL, NULL, NULL, NULL, NULL, NULL, NULL, NULL, '', NULL, NULL, NULL, NULL, NULL, NULL, NULL, NULL, NULL, NULL, 0, 0, NULL, NULL, NULL, NULL, NULL, NULL, 1, '2007fzazah', NULL, NULL, NULL, NULL, NULL, NULL, NULL, '6TB'),
(628, 'PPDBM1NGK2022108', NULL, 'PR', NULL, '0074996950', '3518110201110234', '0074996950', 'Devi Maulidiyah Saputri', 'foto_siswa/foto_00749969501653114748.JPG', 'P', 'NGANJUK', '2022-05-21', 'MTSN2NGANJUK', '2058245', 'NGANJUK', 'Negeri', NULL, '3BB', '4AGM', 'MTs', 'Islam', 'JOGOMERTO', '03', '02', 'JOGOMERTO', 'TANJUNGANOM', 'NGANJUK', 'JAWATIMUR', '64483', 'Sepeda Motor', '083157169956', 1, 2, 153, 47, 'ANAK', 'Bersama Orang Tua', '10', '15', '3518110901770001', 'DARI YONO', 'PASURUAN', '0901-01-01', NULL, 'SMA Sederajat', 'Buruh', 'Rp. 500.000 s/d Rp. 999.000', '085258664713', '3518116009800004', 'SITI BAROKAH', 'NGANJUK', '2022-05-22', NULL, 'SMP Sederajat', 'Tidak Bekerja', 'Tidak Berpenghasilan', '083196042827', NULL, NULL, NULL, NULL, NULL, NULL, NULL, NULL, NULL, NULL, '', NULL, NULL, 'berkas_kk/kk_00749969501653199115.jpg', 'ijazah_akta/ia_00749969501653198232.jpg', NULL, NULL, NULL, NULL, NULL, NULL, 0, 1, NULL, NULL, NULL, NULL, NULL, NULL, 1, 'devi ms', NULL, NULL, NULL, NULL, NULL, NULL, NULL, '6TB'),
(629, 'PPDBM1NGK2022109', NULL, 'PR', NULL, NULL, NULL, '0064657191', 'Fiha Dwi Prasetiya', 'foto_siswa/default.png', NULL, NULL, NULL, NULL, NULL, NULL, NULL, NULL, NULL, NULL, NULL, NULL, NULL, NULL, NULL, NULL, NULL, NULL, NULL, NULL, NULL, '081217835948', NULL, NULL, NULL, NULL, NULL, NULL, NULL, NULL, NULL, NULL, NULL, NULL, NULL, NULL, NULL, NULL, NULL, NULL, NULL, NULL, NULL, NULL, NULL, NULL, NULL, NULL, NULL, NULL, NULL, NULL, NULL, NULL, NULL, NULL, NULL, NULL, NULL, NULL, NULL, NULL, NULL, NULL, NULL, NULL, NULL, NULL, NULL, 0, 1, NULL, NULL, NULL, NULL, NULL, NULL, 1, 'fihadp', NULL, NULL, NULL, NULL, NULL, NULL, NULL, NULL),
(630, 'PPDBM1NGK2022110', NULL, 'SB', NULL, '3506105105070001', NULL, '0075922032', 'Asti Meilinda Rahmawati', 'foto_siswa/foto_00759220321653202422.JPG', 'P', 'KEDIRI', '2007-05-11', 'MTSN 1 KEDIRI', '20581165', 'KEDIRI', 'Negeri', NULL, '1IPA', '2IPS', 'MTs', 'Islam', NULL, NULL, NULL, NULL, NULL, NULL, NULL, NULL, NULL, '081217660652', NULL, NULL, NULL, NULL, NULL, NULL, NULL, NULL, NULL, NULL, NULL, NULL, NULL, NULL, NULL, NULL, NULL, NULL, NULL, NULL, NULL, NULL, NULL, NULL, NULL, NULL, NULL, NULL, NULL, NULL, NULL, NULL, NULL, NULL, NULL, NULL, '', NULL, NULL, NULL, NULL, NULL, NULL, NULL, NULL, NULL, NULL, 0, 0, NULL, NULL, NULL, NULL, NULL, NULL, 1, 'meilinda', NULL, NULL, NULL, NULL, NULL, NULL, NULL, '6TB'),
(631, 'PPDBM1NGK2022111', NULL, 'SB', NULL, NULL, NULL, '0072679573', 'Isnaya Lian Tadalla', 'foto_siswa/default.png', NULL, NULL, NULL, NULL, NULL, NULL, NULL, NULL, NULL, NULL, NULL, NULL, NULL, NULL, NULL, NULL, NULL, NULL, NULL, NULL, NULL, '083111968993', NULL, NULL, NULL, NULL, NULL, NULL, NULL, NULL, NULL, NULL, NULL, NULL, NULL, NULL, NULL, NULL, NULL, NULL, NULL, NULL, NULL, NULL, NULL, NULL, NULL, NULL, NULL, NULL, NULL, NULL, NULL, NULL, NULL, NULL, NULL, NULL, NULL, NULL, NULL, NULL, NULL, NULL, NULL, NULL, NULL, NULL, NULL, 0, 0, NULL, NULL, NULL, NULL, NULL, NULL, 1, '7ZR538', NULL, NULL, NULL, NULL, NULL, NULL, NULL, NULL),
(632, 'PPDBM1NGK2022112', NULL, 'SB', NULL, NULL, NULL, '0813582171', 'Yhuwan Dika Firdaus', 'foto_siswa/default.png', NULL, NULL, NULL, NULL, NULL, NULL, NULL, NULL, NULL, NULL, NULL, NULL, NULL, NULL, NULL, NULL, NULL, NULL, NULL, NULL, NULL, '081358217169', NULL, NULL, NULL, NULL, NULL, NULL, NULL, NULL, NULL, NULL, NULL, NULL, NULL, NULL, NULL, NULL, NULL, NULL, NULL, NULL, NULL, NULL, NULL, NULL, NULL, NULL, NULL, NULL, NULL, NULL, NULL, NULL, NULL, NULL, NULL, NULL, NULL, NULL, NULL, NULL, NULL, NULL, NULL, NULL, NULL, NULL, NULL, 0, 0, NULL, NULL, NULL, NULL, NULL, NULL, 0, 'yhuwan', NULL, NULL, NULL, NULL, NULL, NULL, NULL, NULL),
(633, 'PPDBM1NGK2022113', NULL, 'SB', NULL, NULL, NULL, '0000000000', 'Sujarwo', 'foto_siswa/default.png', NULL, NULL, NULL, NULL, NULL, NULL, NULL, NULL, NULL, NULL, NULL, NULL, NULL, NULL, NULL, NULL, NULL, NULL, NULL, NULL, NULL, '081255960940', NULL, NULL, NULL, NULL, NULL, NULL, NULL, NULL, NULL, NULL, NULL, NULL, NULL, NULL, NULL, NULL, NULL, NULL, NULL, NULL, NULL, NULL, NULL, NULL, NULL, NULL, NULL, NULL, NULL, NULL, NULL, NULL, NULL, NULL, NULL, NULL, NULL, NULL, NULL, NULL, NULL, NULL, NULL, NULL, NULL, NULL, NULL, 0, 0, NULL, NULL, NULL, NULL, NULL, NULL, 0, 'jancok kon', NULL, NULL, NULL, NULL, NULL, NULL, NULL, NULL),
(634, 'PPDBM1NGK2022114', NULL, 'SB', NULL, NULL, NULL, '0125367889', 'Sujarwo', 'foto_siswa/default.png', NULL, NULL, NULL, NULL, NULL, NULL, NULL, NULL, NULL, NULL, NULL, NULL, NULL, NULL, NULL, NULL, NULL, NULL, NULL, NULL, NULL, '081255960940', NULL, NULL, NULL, NULL, NULL, NULL, NULL, NULL, NULL, NULL, NULL, NULL, NULL, NULL, NULL, NULL, NULL, NULL, NULL, NULL, NULL, NULL, NULL, NULL, NULL, NULL, NULL, NULL, NULL, NULL, NULL, NULL, NULL, NULL, NULL, NULL, NULL, NULL, NULL, NULL, NULL, NULL, NULL, NULL, NULL, NULL, NULL, 0, 0, NULL, NULL, NULL, NULL, NULL, NULL, 0, 'jancok kon', NULL, NULL, NULL, NULL, NULL, NULL, NULL, NULL);

-- --------------------------------------------------------

--
-- Table structure for table `histori`
--

CREATE TABLE `histori` (
  `id` int(11) NOT NULL,
  `id_permohonan` varchar(30) NOT NULL,
  `nik` int(30) NOT NULL,
  `status` int(1) NOT NULL,
  `tanggal` timestamp NOT NULL DEFAULT current_timestamp() ON UPDATE current_timestamp(),
  `keterangan` text NOT NULL
) ENGINE=InnoDB DEFAULT CHARSET=latin1;

--
-- Dumping data for table `histori`
--

INSERT INTO `histori` (`id`, `id_permohonan`, `nik`, `status`, `tanggal`, `keterangan`) VALUES
(1, '201907070001', 123, 1, '2019-07-07 15:57:31', 'Silahkan datang ke desa/kelurahan setempat untuk pengumpulan berkas persyaratan permohonan  dan konfirmasi'),
(2, '201907070001', 0, 2, '2019-07-07 22:26:33', 'pemberkasan sedang kami proses silahkan untuk menunggu'),
(4, '202004040001', 12, 1, '2020-04-04 18:25:29', 'Silahkan datang ke desa/kelurahan setempat untuk pengumpulan berkas persyaratan permohonan  dan konfirmasi'),
(5, '202004040002', 12, 1, '2020-04-04 18:25:55', 'Permohonan sudah berhasil masuk, mohon untuk menunggu proses pengecekan data');

-- --------------------------------------------------------

--
-- Table structure for table `jenis`
--

CREATE TABLE `jenis` (
  `id_jenis` varchar(50) NOT NULL,
  `nama_jenis` varchar(50) NOT NULL,
  `status` int(1) NOT NULL,
  `status_form` int(1) NOT NULL,
  `file_panduan` varchar(255) DEFAULT NULL
) ENGINE=InnoDB DEFAULT CHARSET=latin1;

--
-- Dumping data for table `jenis`
--

INSERT INTO `jenis` (`id_jenis`, `nama_jenis`, `status`, `status_form`, `file_panduan`) VALUES
('PR', 'PRESTASI', 0, 1, NULL),
('SB', 'REGULER', 1, 1, NULL),
('TH', 'TAHFIDZ', 0, 1, NULL);

-- --------------------------------------------------------

--
-- Table structure for table `jenjang`
--

CREATE TABLE `jenjang` (
  `id_jenjang` varchar(5) NOT NULL,
  `nama_jenjang` varchar(50) DEFAULT NULL,
  `status` int(1) DEFAULT NULL
) ENGINE=InnoDB DEFAULT CHARSET=latin1;

--
-- Dumping data for table `jenjang`
--

INSERT INTO `jenjang` (`id_jenjang`, `nama_jenjang`, `status`) VALUES
('SMK', 'SMK', 1),
('SMP', 'SMP', 1);

-- --------------------------------------------------------

--
-- Table structure for table `jurusan`
--

CREATE TABLE `jurusan` (
  `id_jurusan` varchar(50) NOT NULL,
  `nama_jurusan` varchar(100) DEFAULT NULL,
  `kuota` int(10) DEFAULT NULL,
  `status` int(1) DEFAULT NULL
) ENGINE=InnoDB DEFAULT CHARSET=latin1;

--
-- Dumping data for table `jurusan`
--

INSERT INTO `jurusan` (`id_jurusan`, `nama_jurusan`, `kuota`, `status`) VALUES
('1IPA', 'MIPA', 300, 1),
('2IPS', 'IPS', 300, 1),
('3BB', 'BAHASA DAN BUDAYA', 100, 1),
('4AGM', 'KEAGAMAAN', 100, 1);

-- --------------------------------------------------------

--
-- Table structure for table `kartu_ujian`
--

CREATE TABLE `kartu_ujian` (
  `id_kartu` int(11) NOT NULL,
  `nomor_kartu` varchar(10) DEFAULT NULL,
  `nama` varchar(250) DEFAULT NULL,
  `asal` varchar(250) DEFAULT NULL,
  `nisn` varchar(30) DEFAULT NULL,
  `password` varchar(250) DEFAULT NULL
) ENGINE=InnoDB DEFAULT CHARSET=utf8mb4;

--
-- Dumping data for table `kartu_ujian`
--

INSERT INTO `kartu_ujian` (`id_kartu`, `nomor_kartu`, `nama`, `asal`, `nisn`, `password`) VALUES
(307, '21307', 'Yongsa Zafira Nihaya Kamila', 'MTS AL-ISLAM SUKOMORO', '0064335444', 'Kamila12'),
(308, '21308', 'Faridatus Salsabila ', 'MTSN 1 NGANJUK', '0067196664', 'salsa06'),
(309, '21309', 'Alfina Faza Auliya', 'MTSN 1 NGANJUK', '0065863464', 'alfina168'),
(310, '21310', 'Danu Wijaya Achmad Syarif Hidayatulloh', 'MTS NEGERI 2 NGANJUK', '0065797585', 'Akunpepedebe'),
(311, '21311', 'Melani Nidar Aulia', 'MTSN 10 NGANJUK', '0067781233', '140506'),
(312, '21312', 'Salsabila Putri Rahmadhani', 'MTSN 2 NGANJUK', '0066838738', '17102007'),
(313, '21313', 'Fawaz Nur Abiyuwinsyah ', 'MTS NEGERI 2 NGANJUK', '0075141374', 'ABI2007'),
(314, '21314', 'NAUFA ZUMROTUS SA\'ADAH', 'MTSN 7 NGANJUK', '0064475936', 'zumrotus2006'),
(315, '21315', 'Rifa Nanda Nur Ismana Putra', 'MTSN 1 NGANJUK', '0062941516', 'rifa123456'),
(316, '21316', 'Elvi Imania Zuhri', 'MTSN 4 NGANJUK', '0077920710', 'Elvi26'),
(317, '21317', 'Zuke Dwi Kholifah', 'MTSN 10 NGANJUK', '0064790620', '11APRIL'),
(318, '21318', 'Izza Zaskia Mualif ', 'MTSN 1 NGANJUK ', '0072749133', '123456'),
(319, '21319', 'FELIYA TIRTA RIZKYAURELIA', 'MTSN 1 NGANJUK', '0075438384', 'feliyaurelia_07'),
(320, '21320', 'Yolanda Nur Afiqotul Jannah ', 'MTSN 1 NGANJUK', '0079608529', 'yola'),
(321, '21321', 'Kaniya Fatihatus Sholihah', 'MTSN 1 NGANJUK', '0067966728', '121006'),
(322, '21322', 'Auliya Fathra Damayanti', 'MTSN 1 NGANJUK', '0079795432', 'uul1710'),
(323, '21323', 'M. Zaiyan Nayif Al Allam', 'MTS AL HIKMAH', '0069734376', 'muzana2006'),
(324, '21324', 'Najmia Risalatul Umami', 'MTSN 1 NGANJUK', '0061567551', 'fullsenyum'),
(325, '21325', 'Rizqi Ihsan Maulana', 'SMPN 3 TANJUNGANOM', '0078985552', 'rizqiihsan27'),
(326, '21326', 'Sutra Aghniak', 'SMPN 2 JATIKALEN', '0065778315', 'nganjuk123'),
(327, '21327', 'M.shokhibul Mi\'roj ', 'MTS.ALHIKMAH', '0074129313', 'Shokhibul35'),
(328, '21328', 'Muhammad Fikri Aditya Arrafi', 'MTSN 1 NGANJUK', '0064047279', 'kertosono'),
(329, '21329', 'M. Fauzan N. K', 'MTSN 1 NGANJUK', '0068811528', 'isekai98'),
(330, '21330', 'Nur\'aini Lathiftahur Rohmah', 'SMP ISLAM ALQODIR', '0062251732', '0987654321'),
(331, '21331', 'M. Haris Bintang Ramadhan', 'SMPN 1 TANJUNGANOM', '0066960807', 'haris300906'),
(332, '21332', 'Neza Rahmatuka Putri Ramadhani', 'MTSN 3 NGANJUK', '0063692018', 'nikma@10'),
(333, '21333', 'Ahmad Fauzi', 'MTSN 2 NGANJUK', '0078146654', '0plmnbvcxz'),
(334, '21334', 'Najwa Azizah ', 'MTS DARUSSALAM', '3052648953', '1112222'),
(335, '21335', 'Aulia Friska Ramadhani Putri ', 'PONDOK MODERN DARUL IHSAN PAYAMAN NGANJUK', '0071464343', '123456'),
(336, '21336', 'Naysha Anindya Argita', 'MTS AL KHOIRIYAH', '0072790607', 'naysha1234'),
(337, '21337', 'Gita Dwi Arum Sari', 'SMP NEGERI 2 JATIKALEN', '0066975540', '222JATIKALEN'),
(338, '21338', 'Ria Ambarwati', 'MTS PANCA MURNI ', '0062264119', 'nganjuk27'),
(339, '21339', 'Fika Amiliya', 'MTS PANCA MURNI', '0065904347', 'JATIKALEN00'),
(340, '21340', 'Mey Linda Tri Avanti', 'MTSS PANCA MURNI', '0063815394', 'LINDA06'),
(341, '21341', 'Tribiet Cindy Aminati', 'SMP NEGRI 2 BARON', '0067038198', 'Tribiet2007'),
(342, '21342', 'Ervinaela Roudhotul Janah', 'MTSN 1 NGANJUK', '0077119554', 'naela140407'),
(343, '21343', 'Nur Hasan Abi Jadid N.', 'SMP NEGERI 2 JATIKALEN', '0063824513', 'HASAN987654321'),
(344, '21344', 'Ayda Destria Rizqi ', 'MTSN 1 NGANJUK', '0063662929', 'nganjuk2019'),
(345, '21345', 'Sinta Nayly Hidayah', 'MTSN 8 KEDIRI', '0078811172', '131313'),
(346, '21346', 'Adinda Nailatuz Zahra', 'MTSN 3 NGANJUK', '0066660454', '14062006'),
(347, '21347', 'Kayla Fennisa Azarine', 'SMP BAITUL IZZAH NGANJUK', '0076622438', '123456'),
(348, '21348', 'M.iffat Javier', 'MADRASAH TSANAWIYAH NEGRI 4 NGANJUK', '0067208677', 'javir123'),
(349, '21349', 'Nilarizma Ainurrohmah', 'MTSN 9 NGANJUK', '0073395927', '210127'),
(350, '21350', 'Ahmad Burhanul Fata', 'MTSN 2 NGANJUK', '0078514005', 'bismillah99'),
(351, '21351', 'Aditiya Sasalna Dewi', 'MTSN 1 NGANJUK ', '0069589759', 'aditiyasasalna'),
(352, '21352', 'Rieza Khusnul Kholifah', 'MTS NEGERI 1 NGANJUK', '0069062941', '311006'),
(353, '21353', 'Sazlyn Dwi Nur Fara Fauzana', 'MTSN 1 NGANJUK', '0078845076', 'rafara'),
(354, '21354', 'Mufidhatun Naila Faturrohmi', 'MTSN 1 NGANJUK', '0065612011', '121006'),
(355, '21355', 'Dwi Rahayu Purboningsih', 'MTSN 1 NGANJUK', '0077262151', 'sayadekayu'),
(356, '21356', 'Mila Duwi Safana', 'MTSN 1 NGANJUK', '0067716074', '030526'),
(357, '21357', 'Ulfa Nazariya Arifin ', 'MTSN 1 NGANJUK ', '0077671205', '140307'),
(358, '21358', 'Zulfa Siti Nur Laili', 'MTSN 1 NGANJUK', '0063182245', '19122006'),
(359, '21359', 'BINTI ROSYIDATUL LUTFIYAH ', 'MTSN 1 NGANJUK', '0068233254', 'lutfiyah'),
(360, '21360', 'Dewi Shofiyatuz Zahroh', 'MTSN 1 NGANJUK', '0075968722', '2007fzazah'),
(361, '21361', 'Triska Amalia Putri', 'MTS AL ISLAM', '0063283791', 'TRISKA12'),
(362, '21362', 'Renata Oktariva', 'MTS AL-KHOIRIYAH', '0069986248', 'oktrvrnx'),
(363, '21363', 'Devi Maulidiyah Saputri', 'MTSN2NGANJUK', '0074996950', 'devi ms'),
(364, '21364', 'Asti Meilinda Rahmawati', 'MTSN 1 KEDIRI', '0075922032', 'meilinda'),
(365, '21365', 'Rudat Ilaina Rohmah', 'MTS DARUL HIKMAH', '0078284232', '19'),
(366, '21366', 'Fitria Mufarihatul Ummah', 'MTS DARUL HIKMAH', '0068468427', 'fitriayaya'),
(367, '21367', 'Dewi Arumnia Pinaring Gusti', 'MTS DARUL HIKMAH', '0072755699', 'bismillah');

-- --------------------------------------------------------

--
-- Table structure for table `keterampilan`
--

CREATE TABLE `keterampilan` (
  `id_keterampilan` varchar(50) NOT NULL,
  `nama_keterampilan` varchar(100) DEFAULT NULL,
  `kuota` int(10) DEFAULT NULL,
  `status` int(1) DEFAULT NULL
) ENGINE=InnoDB DEFAULT CHARSET=utf8mb4;

--
-- Dumping data for table `keterampilan`
--

INSERT INTO `keterampilan` (`id_keterampilan`, `nama_keterampilan`, `kuota`, `status`) VALUES
('1TB', 'TATA BOGA', 200, 1),
('2TC', 'TATA KECANTIKAN', 200, 1),
('3TKR', 'TEHNIK KENDARAAN RINGAN OTOMOTIF', 200, 1),
('4DKV', 'DESAIN KOMUNIKASI VISUAL', 200, 1),
('5KB', 'KRIA BATIK', 200, 1),
('6TB', 'TATA BUSANA', 200, 1);

-- --------------------------------------------------------

--
-- Table structure for table `kontak`
--

CREATE TABLE `kontak` (
  `id_kontak` int(11) NOT NULL,
  `nama_kontak` varchar(50) DEFAULT NULL,
  `no_kontak` varchar(50) DEFAULT NULL,
  `status` int(1) DEFAULT NULL
) ENGINE=InnoDB DEFAULT CHARSET=latin1;

--
-- Dumping data for table `kontak`
--

INSERT INTO `kontak` (`id_kontak`, `nama_kontak`, `no_kontak`, `status`) VALUES
(3, 'IBU ANIS NURUL LAILI', '08563635055', 1),
(4, 'BAPAK PRASOJO', '082136298388', 1);

-- --------------------------------------------------------

--
-- Table structure for table `pengumuman`
--

CREATE TABLE `pengumuman` (
  `id_pengumuman` int(11) NOT NULL,
  `id_user` int(11) NOT NULL,
  `judul` varchar(255) DEFAULT NULL,
  `pengumuman` text DEFAULT NULL,
  `tgl` datetime NOT NULL DEFAULT current_timestamp() ON UPDATE current_timestamp(),
  `jenis` int(1) DEFAULT 0
) ENGINE=InnoDB DEFAULT CHARSET=latin1;

--
-- Dumping data for table `pengumuman`
--

INSERT INTO `pengumuman` (`id_pengumuman`, `id_user`, `judul`, `pengumuman`, `tgl`, `jenis`) VALUES
(7, 5, 'BATAS PENGISIAN FORMULIR', '<p><span style=\"font-family: Helvetica;\">UNTUK CALON PESERTA DIDIK BARU MAN 1 NGANJUK MOHON DIPERHATIKAN</span></p><p><span style=\"color: rgb(255, 0, 0);\" arial=\"\" black\";\"=\"\"><b>BATAS PENGISIAN FORMULIR SAMPAI TANGGAL 30 MEI 2022</b></span></p><p><span style=\"color: rgb(255, 0, 0);\" arial=\"\" black\";\"=\"\"><b>MOHON UNTUK SEGERA MENGISI FORMULIR DENGAN LENGKAP UNTUK PERSYARATAN BERKAS DAFTAR ULANG</b></span></p><p><span style=\"font-family: Helvetica;\">LEBIH DARI ITU PENGISIAN FORMULIR AKAN DITUTUP</span></p>', '2022-05-22 08:37:09', 2),
(8, 5, 'JALUR PRESTASI & TAHFIDZ', '<span style=\"font-family: &quot;Arial Black&quot;;\">UNTUK SELURUH PENDAFTAR JALUR PRESTASI &amp; TAHFIDZ SEGERA MELENGKAPI FORMULIR PENDAFTARAN</span>', '2022-05-22 11:44:05', 2);

-- --------------------------------------------------------

--
-- Table structure for table `petugas_komite`
--

CREATE TABLE `petugas_komite` (
  `id_petugas_komite` int(11) NOT NULL,
  `nama_petugas` varchar(255) DEFAULT NULL
) ENGINE=InnoDB DEFAULT CHARSET=utf8mb4;

--
-- Dumping data for table `petugas_komite`
--

INSERT INTO `petugas_komite` (`id_petugas_komite`, `nama_petugas`) VALUES
(1, 'Mukhtarotun Nafiah');

-- --------------------------------------------------------

--
-- Table structure for table `prestasi`
--

CREATE TABLE `prestasi` (
  `id_prestasi` int(11) NOT NULL,
  `id_daftar` int(11) NOT NULL,
  `mat3` decimal(10,0) DEFAULT NULL,
  `bin3` decimal(10,0) DEFAULT NULL,
  `bing3` decimal(10,0) DEFAULT NULL,
  `ipa3` decimal(10,0) DEFAULT NULL,
  `ips3` decimal(10,0) DEFAULT NULL,
  `mat4` decimal(10,0) DEFAULT NULL,
  `bin4` decimal(10,0) DEFAULT NULL,
  `bing4` decimal(10,0) DEFAULT NULL,
  `ipa4` decimal(10,0) DEFAULT NULL,
  `ips4` decimal(10,0) DEFAULT NULL,
  `mat5` decimal(10,0) DEFAULT NULL,
  `bin5` decimal(10,0) DEFAULT NULL,
  `bing5` decimal(10,0) DEFAULT NULL,
  `ipa5` decimal(10,0) DEFAULT NULL,
  `ips5` decimal(10,0) DEFAULT NULL,
  `tipe_prestasi` varchar(100) DEFAULT NULL,
  `jenis_prestasi` varchar(100) DEFAULT NULL,
  `nama_prestasi` varchar(100) DEFAULT NULL,
  `peringkat_prestasi` int(11) DEFAULT NULL,
  `tingkat_prestasi` varchar(100) DEFAULT NULL,
  `file_prestasi` varchar(255) DEFAULT NULL
) ENGINE=InnoDB DEFAULT CHARSET=utf8mb4;

--
-- Dumping data for table `prestasi`
--

INSERT INTO `prestasi` (`id_prestasi`, `id_daftar`, `mat3`, `bin3`, `bing3`, `ipa3`, `ips3`, `mat4`, `bin4`, `bing4`, `ipa4`, `ips4`, `mat5`, `bin5`, `bing5`, `ipa5`, `ips5`, `tipe_prestasi`, `jenis_prestasi`, `nama_prestasi`, `peringkat_prestasi`, `tingkat_prestasi`, `file_prestasi`) VALUES
(74, 521, NULL, NULL, NULL, NULL, NULL, NULL, NULL, NULL, NULL, NULL, NULL, NULL, NULL, NULL, NULL, 'NON AKADEMIK', NULL, 'Lomba Paduan Suara', 3, 'Kabupaten/Kota', 'berkas_prestasi/pr_00657975851652148998.jpg'),
(75, 523, NULL, NULL, NULL, NULL, NULL, NULL, NULL, NULL, NULL, NULL, NULL, NULL, NULL, NULL, NULL, 'AKADEMIK', 'Olimpiade', NULL, NULL, NULL, 'berkas_prestasi/pr_00643354441652069294.jpg'),
(76, 524, NULL, NULL, NULL, NULL, NULL, NULL, NULL, NULL, NULL, NULL, NULL, NULL, NULL, NULL, NULL, NULL, NULL, NULL, NULL, NULL, NULL),
(77, 525, NULL, NULL, NULL, NULL, NULL, NULL, NULL, NULL, NULL, NULL, NULL, NULL, NULL, NULL, NULL, NULL, NULL, NULL, NULL, NULL, NULL),
(78, 526, NULL, NULL, NULL, NULL, NULL, NULL, NULL, NULL, NULL, NULL, NULL, NULL, NULL, NULL, NULL, 'AKADEMIK', 'Olimpiade', NULL, NULL, NULL, 'berkas_prestasi/pr_00668387381652187720.pdf'),
(79, 527, NULL, NULL, NULL, NULL, NULL, NULL, NULL, NULL, NULL, NULL, NULL, NULL, NULL, NULL, NULL, NULL, NULL, NULL, NULL, NULL, NULL),
(80, 528, NULL, NULL, NULL, NULL, NULL, NULL, NULL, NULL, NULL, NULL, NULL, NULL, NULL, NULL, NULL, 'AKADEMIK', 'Olimpiade', NULL, NULL, NULL, 'berkas_prestasi/pr_00643095531653068649.jpg'),
(81, 529, NULL, NULL, NULL, NULL, NULL, NULL, NULL, NULL, NULL, NULL, NULL, NULL, NULL, NULL, NULL, 'AKADEMIK', 'MTQ', NULL, NULL, NULL, 'berkas_prestasi/pr_00697963731652873765.jpg'),
(82, 530, NULL, NULL, NULL, NULL, NULL, NULL, NULL, NULL, NULL, NULL, NULL, NULL, NULL, NULL, NULL, 'NON AKADEMIK', NULL, 'Gugus depan ramah lingkungan ', 3, 'Provinsi', 'berkas_prestasi/pr_00628695101652093775.jpg'),
(83, 531, NULL, NULL, NULL, NULL, NULL, NULL, NULL, NULL, NULL, NULL, NULL, NULL, NULL, NULL, NULL, 'NON AKADEMIK', NULL, 'Juara 2 Cipta Puisi ', 2, 'Provinsi', 'berkas_prestasi/pr_00671966641652088142.jpg'),
(84, 533, NULL, NULL, NULL, NULL, NULL, NULL, NULL, NULL, NULL, NULL, NULL, NULL, NULL, NULL, NULL, 'NON AKADEMIK', NULL, 'futsal ', 3, 'Kabupaten/Kota', 'berkas_prestasi/pr_00745672081653024911.jpg'),
(85, 534, NULL, NULL, NULL, NULL, NULL, NULL, NULL, NULL, NULL, NULL, NULL, NULL, NULL, NULL, NULL, 'NON AKADEMIK', NULL, 'Yel yel KOPASGA 2022', 1, 'Kabupaten/Kota', 'berkas_prestasi/pr_00635348451652156211.jpg'),
(86, 535, NULL, NULL, NULL, NULL, NULL, NULL, NULL, NULL, NULL, NULL, NULL, NULL, NULL, NULL, NULL, 'AKADEMIK', 'Olimpiade', NULL, NULL, NULL, 'berkas_prestasi/pr_00766740061652590461.jpg'),
(87, 536, NULL, NULL, NULL, NULL, NULL, NULL, NULL, NULL, NULL, NULL, NULL, NULL, NULL, NULL, NULL, 'AKADEMIK', 'Olimpiade', NULL, NULL, NULL, 'berkas_prestasi/pr_30733493741653103920.jpg'),
(88, 537, NULL, NULL, NULL, NULL, NULL, NULL, NULL, NULL, NULL, NULL, NULL, NULL, NULL, NULL, NULL, NULL, NULL, NULL, NULL, NULL, NULL),
(89, 538, NULL, NULL, NULL, NULL, NULL, NULL, NULL, NULL, NULL, NULL, NULL, NULL, NULL, NULL, NULL, NULL, NULL, NULL, NULL, NULL, NULL),
(90, 539, NULL, NULL, NULL, NULL, NULL, NULL, NULL, NULL, NULL, NULL, NULL, NULL, NULL, NULL, NULL, NULL, NULL, NULL, NULL, NULL, NULL),
(91, 541, NULL, NULL, NULL, NULL, NULL, NULL, NULL, NULL, NULL, NULL, NULL, NULL, NULL, NULL, NULL, 'NON AKADEMIK', NULL, 'Puisi', 3, 'Kecamatan', 'berkas_prestasi/pr_00751413741652221725.jpg'),
(92, 542, NULL, NULL, NULL, NULL, NULL, NULL, NULL, NULL, NULL, NULL, NULL, NULL, NULL, NULL, NULL, NULL, NULL, NULL, NULL, NULL, NULL),
(93, 543, NULL, NULL, NULL, NULL, NULL, NULL, NULL, NULL, NULL, NULL, NULL, NULL, NULL, NULL, NULL, 'NON AKADEMIK', NULL, 'Gudep ramling (ramah lingkungan)', 3, 'Provinsi', 'berkas_prestasi/pr_00644759361652237092.jpg'),
(94, 544, NULL, NULL, NULL, NULL, NULL, NULL, NULL, NULL, NULL, NULL, NULL, NULL, NULL, NULL, NULL, 'NON AKADEMIK', NULL, 'Paskibra', 3, 'Provinsi', 'berkas_prestasi/pr_00733959271653043398.jpg'),
(95, 545, NULL, NULL, NULL, NULL, NULL, NULL, NULL, NULL, NULL, NULL, NULL, NULL, NULL, NULL, NULL, NULL, NULL, NULL, NULL, NULL, NULL),
(96, 551, NULL, NULL, NULL, NULL, NULL, NULL, NULL, NULL, NULL, NULL, NULL, NULL, NULL, NULL, NULL, NULL, NULL, NULL, NULL, NULL, NULL),
(97, 556, NULL, NULL, NULL, NULL, NULL, NULL, NULL, NULL, NULL, NULL, NULL, NULL, NULL, NULL, NULL, NULL, NULL, NULL, NULL, NULL, NULL),
(98, 558, NULL, NULL, NULL, NULL, NULL, NULL, NULL, NULL, NULL, NULL, NULL, NULL, NULL, NULL, NULL, 'NON AKADEMIK', NULL, 'Juara cerdas cermat ', 2, 'Kecamatan', 'berkas_prestasi/pr_00727906071653123389.jpg'),
(99, 559, NULL, NULL, NULL, NULL, NULL, NULL, NULL, NULL, NULL, NULL, NULL, NULL, NULL, NULL, NULL, 'NON AKADEMIK', NULL, 'Cipta puisi', 3, 'Nasional', 'berkas_prestasi/pr_00647906201652481837.jpg'),
(100, 569, NULL, NULL, NULL, NULL, NULL, NULL, NULL, NULL, NULL, NULL, NULL, NULL, NULL, NULL, NULL, 'NON AKADEMIK', NULL, 'MTQ', 3, 'Provinsi', 'berkas_prestasi/pr_00697054731653109082.jpg'),
(101, 570, NULL, NULL, NULL, NULL, NULL, NULL, NULL, NULL, NULL, NULL, NULL, NULL, NULL, NULL, NULL, NULL, NULL, NULL, NULL, NULL, NULL),
(102, 580, NULL, NULL, NULL, NULL, NULL, NULL, NULL, NULL, NULL, NULL, NULL, NULL, NULL, NULL, NULL, 'NON AKADEMIK', NULL, 'MSQ beregu putra', 1, 'Kabupaten/Kota', 'berkas_prestasi/pr_00722091821652576319.jpg'),
(103, 593, NULL, NULL, NULL, NULL, NULL, NULL, NULL, NULL, NULL, NULL, NULL, NULL, NULL, NULL, NULL, 'NON AKADEMIK', NULL, 'lomba pramuka vidio company', 3, 'Kabupaten/Kota', 'berkas_prestasi/pr_00670381981652798462.jpg'),
(104, 605, NULL, NULL, NULL, NULL, NULL, NULL, NULL, NULL, NULL, NULL, NULL, NULL, NULL, NULL, NULL, NULL, NULL, NULL, NULL, NULL, NULL),
(105, 613, NULL, NULL, NULL, NULL, NULL, NULL, NULL, NULL, NULL, NULL, NULL, NULL, NULL, NULL, NULL, NULL, NULL, NULL, NULL, NULL, NULL),
(106, 615, NULL, NULL, NULL, NULL, NULL, NULL, NULL, NULL, NULL, NULL, NULL, NULL, NULL, NULL, NULL, 'NON AKADEMIK', NULL, 'PERINGKAT 1 DIKELAS', 1, 'Kecamatan', 'berkas_prestasi/pr_00788111721652861607.jpg'),
(107, 617, NULL, NULL, NULL, NULL, NULL, NULL, NULL, NULL, NULL, NULL, NULL, NULL, NULL, NULL, NULL, 'NON AKADEMIK', NULL, 'Pramuka', 1, 'Provinsi', 'berkas_prestasi/pr_00666604541652928959.jpg'),
(108, 628, NULL, NULL, NULL, NULL, NULL, NULL, NULL, NULL, NULL, NULL, NULL, NULL, NULL, NULL, NULL, 'NON AKADEMIK', NULL, 'pidato puisi', 6, 'Kecamatan', 'berkas_prestasi/pr_00749969501653117276.jpg'),
(109, 629, NULL, NULL, NULL, NULL, NULL, NULL, NULL, NULL, NULL, NULL, NULL, NULL, NULL, NULL, NULL, NULL, NULL, NULL, NULL, NULL, NULL);

-- --------------------------------------------------------

--
-- Table structure for table `sekolah`
--

CREATE TABLE `sekolah` (
  `npsn` varchar(16) NOT NULL,
  `nama_sekolah` varchar(50) DEFAULT NULL,
  `alamat` varchar(50) DEFAULT NULL,
  `status` int(1) DEFAULT NULL
) ENGINE=InnoDB DEFAULT CHARSET=latin1;

-- --------------------------------------------------------

--
-- Table structure for table `setting`
--

CREATE TABLE `setting` (
  `id_setting` int(1) NOT NULL,
  `nama_sekolah` varchar(100) NOT NULL,
  `npsn` varchar(30) DEFAULT NULL,
  `alamat` varchar(255) DEFAULT NULL,
  `kota` varchar(30) DEFAULT NULL,
  `provinsi` varchar(30) DEFAULT NULL,
  `logo` varchar(50) DEFAULT NULL,
  `favicon` varchar(50) DEFAULT NULL,
  `email` varchar(50) DEFAULT NULL,
  `no_telp` varchar(50) DEFAULT NULL,
  `klikchat` text DEFAULT NULL,
  `livechat` text DEFAULT NULL,
  `nolivechat` varchar(50) DEFAULT NULL,
  `infobayar` text DEFAULT NULL,
  `syarat` text DEFAULT NULL
) ENGINE=InnoDB DEFAULT CHARSET=latin1;

--
-- Dumping data for table `setting`
--

INSERT INTO `setting` (`id_setting`, `nama_sekolah`, `npsn`, `alamat`, `kota`, `provinsi`, `logo`, `favicon`, `email`, `no_telp`, `klikchat`, `livechat`, `nolivechat`, `infobayar`, `syarat`) VALUES
(1, 'MAN 1 NGANJUK', '20584300', 'Jl. KH. Abdul Fattah, Kertosono, Bogo, Nglawak, Kec. Kertosono, Kabupaten Nganjuk, Jawa Timur 64315', 'Nganjuk', 'Jawa Barat', 'assets/img/logo/logo437.png', NULL, NULL, NULL, 'Assalamualaikum%2525252525252Bselamat%2525252525252Bsiang', 'Assalamualaikum%252C%2BSaya%2BButuh%2BBantuan%2BPPDB%2BMAN%2B1%2BNGANJUK', '085230979798', '<pre style=\"margin-left: 4.7pt; text-align: justify;\"><span style=\"color: rgb(255, 0, 0); font-size: 11pt;\">*</span><font face=\"Calibri, sans-serif\" style=\"color: rgb(0, 0, 0); font-size: 14px;\">Biaya Pendidikan bulan berikutnya harap dibayarkan maksimal tanggal 10 tiap bulannya.</font><br></pre><p class=\"MsoNormal\" style=\"margin-left:2.0cm;text-align:justify;text-justify:\r\nkashida;text-kashida:0%;line-height:130%\"><span lang=\"IN\" style=\"font-family:\r\n&quot;Calibri&quot;,sans-serif;mso-ansi-language:IN\">Waktu dan tempat pembayaran untuk Jalur <b>PRESTASI&nbsp;</b></span></p><p class=\"MsoNormal\" style=\"margin-left:2.0cm;text-align:justify;text-justify:\r\nkashida;text-kashida:0%;line-height:130%;tab-stops:191.4pt\"><span style=\"font-family:&quot;Calibri&quot;,sans-serif\">Tanggal</span><span lang=\"IN\" style=\"font-family:&quot;Calibri&quot;,sans-serif;mso-ansi-language:IN\">&nbsp;&nbsp;&nbsp;&nbsp;&nbsp;&nbsp;&nbsp;&nbsp;&nbsp;&nbsp;&nbsp;&nbsp;&nbsp;&nbsp;&nbsp;&nbsp;&nbsp;&nbsp;&nbsp;&nbsp;&nbsp;&nbsp;&nbsp;&nbsp;&nbsp;&nbsp;&nbsp;&nbsp;&nbsp;&nbsp;&nbsp; : </span><span style=\"font-family:&quot;Calibri&quot;,sans-serif\"><b>28  29 Mei 202</b></span><span lang=\"IN\" style=\"font-family:&quot;Calibri&quot;,sans-serif;mso-ansi-language:IN\"><b>2</b><o:p></o:p></span></p><p class=\"MsoNormal\" style=\"margin-left:2.0cm;text-align:justify;text-justify:\r\nkashida;text-kashida:0%;line-height:130%;tab-stops:191.4pt\"><span style=\"font-family:&quot;Calibri&quot;,sans-serif\">Jam&nbsp;&nbsp;&nbsp;&nbsp;&nbsp;&nbsp;&nbsp;&nbsp;&nbsp;&nbsp;&nbsp;&nbsp;&nbsp;&nbsp;&nbsp;&nbsp;&nbsp;&nbsp;&nbsp;&nbsp;&nbsp;&nbsp;&nbsp;&nbsp;&nbsp;&nbsp;&nbsp;&nbsp;&nbsp;&nbsp;&nbsp;&nbsp;&nbsp;&nbsp;&nbsp;&nbsp;&nbsp; :\r\n<b>07.30  12.00 WIB</b><o:p></o:p></span></p><p class=\"MsoNormal\" style=\"margin-left:2.0cm;text-align:justify;text-justify:\r\nkashida;text-kashida:0%;tab-stops:191.4pt\"><span lang=\"IN\" style=\"font-family:\r\n&quot;Calibri&quot;,sans-serif;mso-ansi-language:IN\">Tempat pembayaran&nbsp;&nbsp;&nbsp;&nbsp;&nbsp;&nbsp;&nbsp;&nbsp;&nbsp;&nbsp; : </span><span style=\"font-family:\r\n&quot;Calibri&quot;,sans-serif\">Ruang Komite MAN 1 Nganjuk atau transfer ke <o:p></o:p></span></p><p class=\"MsoNormal\" style=\"margin-left:70.6pt;text-align:justify;text-justify:\r\nkashida;text-kashida:0%;text-indent:37.4pt\"><span style=\"font-family:&quot;Calibri&quot;,sans-serif\">Nomor\r\nrekening&nbsp;&nbsp;&nbsp;&nbsp;&nbsp;&nbsp;&nbsp;&nbsp;&nbsp; :<b> 0523202341</b><o:p></o:p></span></p><p class=\"MsoNormal\" style=\"margin-left:70.6pt;text-align:justify;text-justify:\r\nkashida;text-kashida:0%;text-indent:37.4pt\"><span style=\"font-family:&quot;Calibri&quot;,sans-serif\">Atas\r\nnama&nbsp;&nbsp;&nbsp;&nbsp;&nbsp;&nbsp;&nbsp;&nbsp;&nbsp;&nbsp;&nbsp;&nbsp;&nbsp;&nbsp;&nbsp;&nbsp;&nbsp;&nbsp; : <b>MAN 1 NGANJUK</b><o:p></o:p></span></p><p class=\"MsoNormal\" style=\"margin-left:2.0cm;text-align:justify;text-justify:\r\nkashida;text-kashida:0%;tab-stops:106.35pt\"><span style=\"font-family:&quot;Calibri&quot;,sans-serif\">&nbsp;&nbsp;&nbsp;&nbsp;&nbsp;&nbsp;&nbsp;&nbsp;&nbsp;&nbsp;&nbsp;&nbsp;&nbsp;&nbsp;&nbsp;&nbsp; &nbsp;Nama bank&nbsp;&nbsp;&nbsp;&nbsp;&nbsp;&nbsp;&nbsp;&nbsp;&nbsp;&nbsp;&nbsp;&nbsp;&nbsp;&nbsp;&nbsp;&nbsp; :\r\n<b>Bank Jatim</b><o:p></o:p></span></p><p class=\"MsoNormal\" style=\"margin-left:108.0pt;text-align:justify;text-justify:\r\nkashida;text-kashida:0%\"><span style=\"font-family:&quot;Calibri&quot;,sans-serif\">Untuk\r\nbukti pembayaran, mohon dikirim ke nomor whatshap (WA) berikut dengan\r\nmenyantumkan <b>NAMA LENGKAP</b> dan <b>ASAL SEKOLAH</b>:<o:p></o:p></span></p><p class=\"MsoNormal\" style=\"margin-left:91.4pt;text-align:justify;text-justify:\r\nkashida;text-kashida:0%;text-indent:16.6pt\"><span style=\"font-family:&quot;Calibri&quot;,sans-serif\">Nomor\r\nWA&nbsp;&nbsp;&nbsp;&nbsp;&nbsp;&nbsp;&nbsp;&nbsp;&nbsp;&nbsp;&nbsp;&nbsp;&nbsp;&nbsp;&nbsp;&nbsp;&nbsp; : 085850093587 atas\r\nnama Ibu Sukartin <o:p></o:p></span></p><p class=\"MsoNormal\" style=\"margin-left:72.0pt;text-align:justify;text-justify:\r\nkashida;text-kashida:0%;text-indent:36.0pt\"><span style=\"font-family:&quot;Calibri&quot;,sans-serif\">Nomor\r\nWA&nbsp;&nbsp;&nbsp;&nbsp;&nbsp;&nbsp;&nbsp;&nbsp;&nbsp;&nbsp;&nbsp;&nbsp;&nbsp;&nbsp;&nbsp;&nbsp;&nbsp; : 085649497492 atas\r\nnama Ibu Layyin Abthona<o:p></o:p></span></p><p style=\"margin-left: 4.7pt; text-align: justify;\">\r\n\r\n\r\n\r\n\r\n\r\n\r\n\r\n\r\n\r\n\r\n\r\n\r\n\r\n\r\n\r\n\r\n\r\n\r\n\r\n</p><p class=\"MsoNormal\" style=\"margin-left:72.0pt;text-align:justify;text-justify:\r\nkashida;text-kashida:0%;text-indent:36.0pt\"><span style=\"font-family:&quot;Calibri&quot;,sans-serif\">Nomor\r\nWA&nbsp;&nbsp;&nbsp;&nbsp;&nbsp;&nbsp;&nbsp;&nbsp;&nbsp;&nbsp;&nbsp;&nbsp;&nbsp;&nbsp;&nbsp;&nbsp;&nbsp; : 085730068808 atas\r\nnama Ibu Yunita<o:p></o:p></span></p><p style=\"text-align: justify;\"><br></p>', '<p><b>SYARAT PENDAFTARAN</b></p><ol><li><b>Mengisi Formulir Pendaftaran Online</b></li><li><b>Foto kopi AKTA Kelahiran</b></li><li><b>Foto kopi Kartu Keluarga (KK)</b></li><li><b>Surat Keterangan Sekolah Asal</b></li><li><b>Foto kopi KIP / PKH / KKS / KPS ( Jika punya )</b></li><li><b>Foto Formal 2 lembar ukuran 3 x 4 cm berwarna</b></li><li><b>Piagram prestasi akademik maupun nonakademik ( jika punya )</b></li><li><b>Stopmap warna merah untuk laki-laki dan stopmap biru untuk perempuan</b></li></ol>');

-- --------------------------------------------------------

--
-- Table structure for table `setting_kartu_ujian`
--

CREATE TABLE `setting_kartu_ujian` (
  `id_setting_kartu` int(11) NOT NULL,
  `tahun_ajaran` varchar(255) DEFAULT NULL,
  `hari` varchar(10) DEFAULT NULL,
  `tanggal` date DEFAULT NULL,
  `waktu_mulai` time DEFAULT NULL,
  `waktu_selesai` time DEFAULT NULL,
  `link` varchar(255) DEFAULT NULL
) ENGINE=InnoDB DEFAULT CHARSET=utf8mb4;

--
-- Dumping data for table `setting_kartu_ujian`
--

INSERT INTO `setting_kartu_ujian` (`id_setting_kartu`, `tahun_ajaran`, `hari`, `tanggal`, `waktu_mulai`, `waktu_selesai`, `link`) VALUES
(1, '2022/2023', 'Senin', '2022-06-20', '08:00:00', '12:00:00', 'https://cbt10.man1nganjuk.sch.id');

-- --------------------------------------------------------

--
-- Table structure for table `tahfidz`
--

CREATE TABLE `tahfidz` (
  `id_tahfidz` int(11) NOT NULL,
  `id_daftar` int(11) NOT NULL,
  `jumlah_jus` int(11) DEFAULT NULL,
  `tipe_prestasi` varchar(100) DEFAULT NULL,
  `jenis_prestasi` varchar(100) DEFAULT NULL,
  `nama_prestasi` varchar(100) DEFAULT NULL,
  `peringkat_prestasi` int(11) DEFAULT NULL,
  `tingkat_prestasi` varchar(100) DEFAULT NULL,
  `file_prestasi` varchar(255) DEFAULT NULL,
  `file_tahfidz` varchar(255) DEFAULT NULL
) ENGINE=InnoDB DEFAULT CHARSET=utf8mb4;

--
-- Dumping data for table `tahfidz`
--

INSERT INTO `tahfidz` (`id_tahfidz`, `id_daftar`, `jumlah_jus`, `tipe_prestasi`, `jenis_prestasi`, `nama_prestasi`, `peringkat_prestasi`, `tingkat_prestasi`, `file_prestasi`, `file_tahfidz`) VALUES
(2, 532, 1, 'AKADEMIK', 'KIR', NULL, NULL, NULL, 'berkas_tahfidz/th_pr_00797775931652711675.jpg', 'berkas_tahfidz/th_00797775931652711675.jpg'),
(3, 540, 11, 'NON AKADEMIK', NULL, 'PORSADIN IV ', 2, 'Kabupaten/Kota', 'berkas_tahfidz/th_pr_00637994001652270420.jpg', 'berkas_tahfidz/th_00637994001652270420.jpg'),
(4, 546, NULL, NULL, NULL, NULL, NULL, NULL, NULL, NULL),
(5, 547, NULL, NULL, NULL, NULL, NULL, NULL, NULL, NULL),
(6, 553, NULL, NULL, NULL, NULL, NULL, NULL, NULL, NULL),
(7, 554, 15, NULL, NULL, NULL, NULL, NULL, NULL, 'berkas_tahfidz/th_00684684271652501106.jpg'),
(8, 555, 3, NULL, NULL, NULL, NULL, NULL, NULL, 'berkas_tahfidz/th_00727556991652500940.jpg'),
(9, 557, 5, NULL, NULL, NULL, NULL, NULL, NULL, 'berkas_tahfidz/th_00727491331652500931.jpg'),
(10, 560, 15, NULL, NULL, NULL, NULL, NULL, NULL, 'berkas_tahfidz/th_00782842321652500928.jpg'),
(11, 562, 5, NULL, NULL, NULL, NULL, NULL, NULL, 'berkas_tahfidz/th_00649207591652500904.jpg'),
(12, 566, 10, 'NON AKADEMIK', NULL, 'MYRES MTs 2020', 1, 'Nasional', 'berkas_tahfidz/th_pr_00636629291652847030.JPG', 'berkas_tahfidz/th_00636629291652847030.JPG'),
(13, 567, 10, 'NON AKADEMIK', NULL, 'MYRES MTs 2020', 1, 'Nasional', 'berkas_tahfidz/th_pr_00615675511652589613.jpg', 'berkas_tahfidz/th_00615675511652589613.jpg'),
(14, 568, 3, NULL, NULL, NULL, NULL, NULL, NULL, 'berkas_tahfidz/th_00765672021652961925.jpg'),
(15, 594, 6, NULL, NULL, NULL, NULL, NULL, NULL, 'berkas_tahfidz/th_00647345451652933347.jpg'),
(16, 597, 3, NULL, NULL, NULL, NULL, NULL, NULL, 'berkas_tahfidz/th_00636920181652953075.jpeg'),
(17, 612, NULL, NULL, NULL, NULL, NULL, NULL, NULL, NULL);

-- --------------------------------------------------------

--
-- Table structure for table `user`
--

CREATE TABLE `user` (
  `id_user` int(11) NOT NULL,
  `nama_user` varchar(128) NOT NULL,
  `level` varchar(128) NOT NULL,
  `username` varchar(128) NOT NULL,
  `password` text NOT NULL,
  `status` int(1) NOT NULL
) ENGINE=InnoDB DEFAULT CHARSET=latin1;

--
-- Dumping data for table `user`
--

INSERT INTO `user` (`id_user`, `nama_user`, `level`, `username`, `password`, `status`) VALUES
(5, 'Administrator', 'admin', 'admin', '$2y$10$kIOJ5/glC9El8TRf9//7neeAodEga6T4iJRnwECQZ.S2sJQy7LWGW', 1),
(28, 'Drs. Ahmad Muhaimin, M.Pd.I', 'kepala', 'ahmadmuhaimin', '$2y$10$ZQI9ilI.t/Si0kgRoIpWnupDPwv8q4SdQPc1dYiHGQRX2I9E6.Go2', 1),
(29, 'Bendahara', 'bendahara', 'bendahara', '$2y$10$9EYD6EvPjDeaypWJPDJZa.yjC33ybq8YhgXxOmx2rs49v0tkzicye', 1);

--
-- Indexes for dumped tables
--

--
-- Indexes for table `bayar`
--
ALTER TABLE `bayar`
  ADD PRIMARY KEY (`id_bayar`);

--
-- Indexes for table `berkas_formulir`
--
ALTER TABLE `berkas_formulir`
  ADD PRIMARY KEY (`id_berkas`);

--
-- Indexes for table `biaya`
--
ALTER TABLE `biaya`
  ADD PRIMARY KEY (`id_biaya`);

--
-- Indexes for table `daftar`
--
ALTER TABLE `daftar`
  ADD PRIMARY KEY (`id_daftar`),
  ADD UNIQUE KEY `no_daftar` (`no_daftar`);

--
-- Indexes for table `histori`
--
ALTER TABLE `histori`
  ADD PRIMARY KEY (`id`);

--
-- Indexes for table `jenis`
--
ALTER TABLE `jenis`
  ADD PRIMARY KEY (`id_jenis`);

--
-- Indexes for table `jenjang`
--
ALTER TABLE `jenjang`
  ADD PRIMARY KEY (`id_jenjang`);

--
-- Indexes for table `jurusan`
--
ALTER TABLE `jurusan`
  ADD PRIMARY KEY (`id_jurusan`);

--
-- Indexes for table `kartu_ujian`
--
ALTER TABLE `kartu_ujian`
  ADD PRIMARY KEY (`id_kartu`);

--
-- Indexes for table `keterampilan`
--
ALTER TABLE `keterampilan`
  ADD PRIMARY KEY (`id_keterampilan`);

--
-- Indexes for table `kontak`
--
ALTER TABLE `kontak`
  ADD PRIMARY KEY (`id_kontak`);

--
-- Indexes for table `pengumuman`
--
ALTER TABLE `pengumuman`
  ADD PRIMARY KEY (`id_pengumuman`);

--
-- Indexes for table `petugas_komite`
--
ALTER TABLE `petugas_komite`
  ADD PRIMARY KEY (`id_petugas_komite`);

--
-- Indexes for table `prestasi`
--
ALTER TABLE `prestasi`
  ADD PRIMARY KEY (`id_prestasi`),
  ADD UNIQUE KEY `id_daftar` (`id_daftar`);

--
-- Indexes for table `sekolah`
--
ALTER TABLE `sekolah`
  ADD PRIMARY KEY (`npsn`);

--
-- Indexes for table `setting`
--
ALTER TABLE `setting`
  ADD PRIMARY KEY (`id_setting`);

--
-- Indexes for table `setting_kartu_ujian`
--
ALTER TABLE `setting_kartu_ujian`
  ADD PRIMARY KEY (`id_setting_kartu`);

--
-- Indexes for table `tahfidz`
--
ALTER TABLE `tahfidz`
  ADD PRIMARY KEY (`id_tahfidz`),
  ADD UNIQUE KEY `id_daftar` (`id_daftar`);

--
-- Indexes for table `user`
--
ALTER TABLE `user`
  ADD PRIMARY KEY (`id_user`),
  ADD UNIQUE KEY `username` (`username`);

--
-- AUTO_INCREMENT for dumped tables
--

--
-- AUTO_INCREMENT for table `daftar`
--
ALTER TABLE `daftar`
  MODIFY `id_daftar` int(11) NOT NULL AUTO_INCREMENT, AUTO_INCREMENT=635;

--
-- AUTO_INCREMENT for table `histori`
--
ALTER TABLE `histori`
  MODIFY `id` int(11) NOT NULL AUTO_INCREMENT, AUTO_INCREMENT=6;

--
-- AUTO_INCREMENT for table `kartu_ujian`
--
ALTER TABLE `kartu_ujian`
  MODIFY `id_kartu` int(11) NOT NULL AUTO_INCREMENT, AUTO_INCREMENT=368;

--
-- AUTO_INCREMENT for table `kontak`
--
ALTER TABLE `kontak`
  MODIFY `id_kontak` int(11) NOT NULL AUTO_INCREMENT, AUTO_INCREMENT=5;

--
-- AUTO_INCREMENT for table `pengumuman`
--
ALTER TABLE `pengumuman`
  MODIFY `id_pengumuman` int(11) NOT NULL AUTO_INCREMENT, AUTO_INCREMENT=9;

--
-- AUTO_INCREMENT for table `petugas_komite`
--
ALTER TABLE `petugas_komite`
  MODIFY `id_petugas_komite` int(11) NOT NULL AUTO_INCREMENT, AUTO_INCREMENT=2;

--
-- AUTO_INCREMENT for table `prestasi`
--
ALTER TABLE `prestasi`
  MODIFY `id_prestasi` int(11) NOT NULL AUTO_INCREMENT, AUTO_INCREMENT=110;

--
-- AUTO_INCREMENT for table `setting_kartu_ujian`
--
ALTER TABLE `setting_kartu_ujian`
  MODIFY `id_setting_kartu` int(11) NOT NULL AUTO_INCREMENT, AUTO_INCREMENT=2;

--
-- AUTO_INCREMENT for table `tahfidz`
--
ALTER TABLE `tahfidz`
  MODIFY `id_tahfidz` int(11) NOT NULL AUTO_INCREMENT, AUTO_INCREMENT=18;

--
-- AUTO_INCREMENT for table `user`
--
ALTER TABLE `user`
  MODIFY `id_user` int(11) NOT NULL AUTO_INCREMENT, AUTO_INCREMENT=30;
COMMIT;

/*!40101 SET CHARACTER_SET_CLIENT=@OLD_CHARACTER_SET_CLIENT */;
/*!40101 SET CHARACTER_SET_RESULTS=@OLD_CHARACTER_SET_RESULTS */;
/*!40101 SET COLLATION_CONNECTION=@OLD_COLLATION_CONNECTION */;
